subject_id,location,strategy,fit_type,error,bic,r2,pcommon,sigma_v,sigma_a,sigma_p,mu_p
LV001,raw,Averaging,mll,725.9500823,1458.604579,0.667415265,1.0,0.222177939,0.2,4000,1.5
LV001,raw,Selection,mll,725.9500823,1458.604579,0.667415265,1.0,0.222177939,0.2,4000,1.5
LV001,raw,Matching,mll,725.9500823,1458.604579,0.667415265,1.0,0.222177939,0.2,4000,1.5
LV002,raw,Averaging,mll,765.3554284,1537.415271,0.80407369,1.0,0.606008652,0.2,4000,1.5
LV002,raw,Selection,mll,765.3554284,1537.415271,0.80407369,1.0,0.606008652,0.2,4000,1.5
LV002,raw,Matching,mll,765.3554284,1537.415271,0.80407369,1.0,0.606008652,0.2,4000,1.5
LV003,raw,Averaging,mll,282.2123198,571.1290541,0.968934273,1.0,0.389389067,0.2,4000,1.5
LV003,raw,Selection,mll,282.2123198,571.1290541,0.968934273,1.0,0.389389067,0.2,4000,1.5
LV003,raw,Matching,mll,282.2123198,571.1290541,0.968934273,1.0,0.389389067,0.2,4000,1.5
LV005,raw,Averaging,mll,416.1350307,838.9744758,0.917907777,1.0,0.293974882,0.2,4000,1.5
LV005,raw,Selection,mll,416.1350307,838.9744758,0.917907777,1.0,0.293974882,0.2,4000,1.5
LV005,raw,Matching,mll,416.1350307,838.9744758,0.917907777,1.0,0.293974882,0.2,4000,1.5
LV007,raw,Averaging,mll,179.7504191,366.2052525,0.960399274,1.0,0.260742756,0.2,4000,1.5
LV007,raw,Selection,mll,179.7504191,366.2052525,0.960399274,1.0,0.260742756,0.2,4000,1.5
LV007,raw,Matching,mll,179.7504191,366.2052525,0.960399274,1.0,0.260742756,0.2,4000,1.5
LV008,raw,Averaging,mll,794.52092,1595.746254,0.567805405,1.0,0.205878975,0.2,4000,1.5
LV008,raw,Selection,mll,794.52092,1595.746254,0.567805405,1.0,0.205878975,0.2,4000,1.5
LV008,raw,Matching,mll,794.52092,1595.746254,0.567805405,1.0,0.205878975,0.2,4000,1.5
LV009,raw,Averaging,mll,465.432859,937.5701324,0.739861752,1.0,0.201348217,0.2,4000,1.5
LV009,raw,Selection,mll,465.432859,937.5701324,0.739861752,1.0,0.201348217,0.2,4000,1.5
LV009,raw,Matching,mll,465.432859,937.5701324,0.739861752,1.0,0.201348217,0.2,4000,1.5
LV011,raw,Averaging,mll,1022.943994,2052.592403,0.547424521,1.0,0.468419649,0.2,4000,1.5
LV011,raw,Selection,mll,1022.943994,2052.592403,0.547424521,1.0,0.468419649,0.2,4000,1.5
LV011,raw,Matching,mll,1022.943994,2052.592403,0.547424521,1.0,0.468419649,0.2,4000,1.5
LV012,raw,Averaging,mll,829.689239,1666.082892,0.676185018,1.0,0.394829416,0.2,4000,1.5
LV012,raw,Selection,mll,829.689239,1666.082892,0.676185018,1.0,0.394829416,0.2,4000,1.5
LV012,raw,Matching,mll,829.689239,1666.082892,0.676185018,1.0,0.394829416,0.2,4000,1.5
LV013,raw,Averaging,mll,962.6985644,1932.101543,0.522704601,1.0,0.229308797,0.2,4000,1.5
LV013,raw,Selection,mll,962.6985644,1932.101543,0.522704601,1.0,0.229308797,0.2,4000,1.5
LV013,raw,Matching,mll,962.6985644,1932.101543,0.522704601,1.0,0.229308797,0.2,4000,1.5
LV015,raw,Averaging,mll,241.130743,488.9659003,0.801693434,1.0,0.199988685,0.2,4000,1.5
LV015,raw,Selection,mll,241.130743,488.9659003,0.801693434,1.0,0.199988685,0.2,4000,1.5
LV015,raw,Matching,mll,241.130743,488.9659003,0.801693434,1.0,0.199988685,0.2,4000,1.5
LV016,raw,Averaging,mll,917.7527156,1842.209846,0.486934034,1.0,0.199748301,0.2,4000,1.5
LV016,raw,Selection,mll,917.7527156,1842.209846,0.486934034,1.0,0.199748301,0.2,4000,1.5
LV016,raw,Matching,mll,917.7527156,1842.209846,0.486934034,1.0,0.199748301,0.2,4000,1.5
LV017,raw,Averaging,mll,145.8718872,298.4481887,0.812160704,1.0,0.198667313,0.2,4000,1.5
LV017,raw,Selection,mll,145.8718872,298.4481887,0.812160704,1.0,0.198667313,0.2,4000,1.5
LV017,raw,Matching,mll,145.8718872,298.4481887,0.812160704,1.0,0.198667313,0.2,4000,1.5
LV018,raw,Averaging,mll,83.86616764,174.4367496,0.989134733,1.0,0.295896251,0.2,4000,1.5
LV018,raw,Selection,mll,83.86616764,174.4367496,0.989134733,1.0,0.295896251,0.2,4000,1.5
LV018,raw,Matching,mll,83.86616764,174.4367496,0.989134733,1.0,0.295896251,0.2,4000,1.5
LV019,raw,Averaging,mll,115.7850553,238.274525,0.995512233,1.0,0.388586772,0.2,4000,1.5
LV019,raw,Selection,mll,115.7850553,238.274525,0.995512233,1.0,0.388586772,0.2,4000,1.5
LV019,raw,Matching,mll,115.7850553,238.274525,0.995512233,1.0,0.388586772,0.2,4000,1.5
LV020,raw,Averaging,mll,322.7187265,652.1418674,0.953908791,1.0,0.540345312,0.2,4000,1.5
LV020,raw,Selection,mll,322.7187265,652.1418674,0.953908791,1.0,0.540345312,0.2,4000,1.5
LV020,raw,Matching,mll,322.7187265,652.1418674,0.953908791,1.0,0.540345312,0.2,4000,1.5
LV021,raw,Averaging,mll,278.4821206,563.6686555,0.793890155,1.0,0.200276063,0.2,4000,1.5
LV021,raw,Selection,mll,278.4821206,563.6686555,0.793890155,1.0,0.200276063,0.2,4000,1.5
LV021,raw,Matching,mll,278.4821206,563.6686555,0.793890155,1.0,0.200276063,0.2,4000,1.5
LV022,raw,Averaging,mll,574.3134719,1155.331358,0.684447142,1.0,0.199741361,0.2,4000,1.5
LV022,raw,Selection,mll,574.3134719,1155.331358,0.684447142,1.0,0.199741361,0.2,4000,1.5
LV022,raw,Matching,mll,574.3134719,1155.331358,0.684447142,1.0,0.199741361,0.2,4000,1.5
LV023,raw,Averaging,mll,893.3173392,1793.339093,0.741120073,1.0,0.383627462,0.2,4000,1.5
LV023,raw,Selection,mll,893.3173392,1793.339093,0.741120073,1.0,0.383627462,0.2,4000,1.5
LV023,raw,Matching,mll,893.3173392,1793.339093,0.741120073,1.0,0.383627462,0.2,4000,1.5
LV024,raw,Averaging,mll,1027.661896,2062.028206,0.704631382,1.0,0.45807576,0.2,4000,1.5
LV024,raw,Selection,mll,1027.661896,2062.028206,0.704631382,1.0,0.45807576,0.2,4000,1.5
LV024,raw,Matching,mll,1027.661896,2062.028206,0.704631382,1.0,0.45807576,0.2,4000,1.5
LV025,raw,Averaging,mll,665.385337,1337.475088,0.653745439,1.0,0.203252445,0.2,4000,1.5
LV025,raw,Selection,mll,665.385337,1337.475088,0.653745439,1.0,0.203252445,0.2,4000,1.5
LV025,raw,Matching,mll,665.385337,1337.475088,0.653745439,1.0,0.203252445,0.2,4000,1.5
SV103,raw,Averaging,mll,230.1521239,467.0086621,0.950135591,1.0,0.252707553,0.2,4000,1.5
SV103,raw,Selection,mll,230.1521239,467.0086621,0.950135591,1.0,0.252707553,0.2,4000,1.5
SV103,raw,Matching,mll,230.1521239,467.0086621,0.950135591,1.0,0.252707553,0.2,4000,1.5
SV110,raw,Averaging,mll,89.06093301,184.8262804,0.984604574,1.0,0.285016239,0.2,4000,1.5
SV110,raw,Selection,mll,89.06093301,184.8262804,0.984604574,1.0,0.285016239,0.2,4000,1.5
SV110,raw,Matching,mll,89.06093301,184.8262804,0.984604574,1.0,0.285016239,0.2,4000,1.5
SV111,raw,Averaging,mll,273.6952057,554.0948257,0.975731407,1.0,0.420333911,0.2,4000,1.5
SV111,raw,Selection,mll,273.6952057,554.0948257,0.975731407,1.0,0.420333911,0.2,4000,1.5
SV111,raw,Matching,mll,273.6952057,554.0948257,0.975731407,1.0,0.420333911,0.2,4000,1.5
SV113,raw,Averaging,mll,89.14584126,184.9960969,0.995866733,1.0,0.388561883,0.2,4000,1.5
SV113,raw,Selection,mll,89.14584126,184.9960969,0.995866733,1.0,0.388561883,0.2,4000,1.5
SV113,raw,Matching,mll,89.14584126,184.9960969,0.995866733,1.0,0.388561883,0.2,4000,1.5
SV119,raw,Averaging,mll,178.6271783,363.958771,0.87687252,1.0,0.21683529,0.2,4000,1.5
SV119,raw,Selection,mll,178.6271783,363.958771,0.87687252,1.0,0.21683529,0.2,4000,1.5
SV119,raw,Matching,mll,178.6271783,363.958771,0.87687252,1.0,0.21683529,0.2,4000,1.5
LV001,visible,Averaging,mll,48.71646106,102.8310848,0.896949076,1.0,0.22274022,0.2,4000,1.5
LV001,visible,Selection,mll,48.71646106,102.8310848,0.896949076,1.0,0.22274022,0.2,4000,1.5
LV001,visible,Matching,mll,48.71646106,102.8310848,0.896949076,1.0,0.22274022,0.2,4000,1.5
LV002,visible,Averaging,mll,86.12798711,176.880947,0.769895502,1.0,0.557377262,0.2,4000,1.5
LV002,visible,Selection,mll,86.12798711,176.880947,0.769895502,1.0,0.557377262,0.2,4000,1.5
LV002,visible,Matching,mll,86.12798711,176.880947,0.769895502,1.0,0.557377262,0.2,4000,1.5
LV003,visible,Averaging,mll,28.04960729,62.42893548,0.995780117,1.0,0.367254222,0.2,4000,1.5
LV003,visible,Selection,mll,28.04960729,62.42893548,0.995780117,1.0,0.367254222,0.2,4000,1.5
LV003,visible,Matching,mll,28.04960729,62.42893548,0.995780117,1.0,0.367254222,0.2,4000,1.5
LV005,visible,Averaging,mll,67.78858642,141.5458804,0.985935001,1.0,0.291577299,0.2,4000,1.5
LV005,visible,Selection,mll,67.78858642,141.5458804,0.985935001,1.0,0.291577299,0.2,4000,1.5
LV005,visible,Matching,mll,67.78858642,141.5458804,0.985935001,1.0,0.291577299,0.2,4000,1.5
LV007,visible,Averaging,mll,179.7504191,366.2052525,0.960399274,1.0,0.260742756,0.2,4000,1.5
LV007,visible,Selection,mll,179.7504191,366.2052525,0.960399274,1.0,0.260742756,0.2,4000,1.5
LV007,visible,Matching,mll,179.7504191,366.2052525,0.960399274,1.0,0.260742756,0.2,4000,1.5
LV008,visible,Averaging,mll,33.10384511,71.23812814,0.84284979,1.0,0.206685021,0.2,4000,1.5
LV008,visible,Selection,mll,33.10384511,71.23812814,0.84284979,1.0,0.206685021,0.2,4000,1.5
LV008,visible,Matching,mll,33.10384511,71.23812814,0.84284979,1.0,0.206685021,0.2,4000,1.5
LV009,visible,Averaging,mll,82.97496685,172.0789839,0.821618391,1.0,0.201038147,0.2,4000,1.5
LV009,visible,Selection,mll,82.97496685,172.0789839,0.821618391,1.0,0.201038147,0.2,4000,1.5
LV009,visible,Matching,mll,82.97496685,172.0789839,0.821618391,1.0,0.201038147,0.2,4000,1.5
LV011,visible,Averaging,mll,188.5459215,382.8694953,0.774785934,1.0,0.650348519,0.2,4000,1.5
LV011,visible,Selection,mll,188.5459215,382.8694953,0.774785934,1.0,0.650348519,0.2,4000,1.5
LV011,visible,Matching,mll,188.5459215,382.8694953,0.774785934,1.0,0.650348519,0.2,4000,1.5
LV015,visible,Averaging,mll,203.0227334,412.7073215,0.804488142,1.0,0.199906986,0.2,4000,1.5
LV015,visible,Selection,mll,203.0227334,412.7073215,0.804488142,1.0,0.199906986,0.2,4000,1.5
LV015,visible,Matching,mll,203.0227334,412.7073215,0.804488142,1.0,0.199906986,0.2,4000,1.5
LV016,visible,Averaging,mll,14.78117426,33.49417415,0.797294919,1.0,0.199292761,0.2,4000,1.5
LV016,visible,Selection,mll,14.78117426,33.49417415,0.797294919,1.0,0.199292761,0.2,4000,1.5
LV016,visible,Matching,mll,14.78117426,33.49417415,0.797294919,1.0,0.199292761,0.2,4000,1.5
LV017,visible,Averaging,mll,145.8718872,298.4481887,0.812160704,1.0,0.198667313,0.2,4000,1.5
LV017,visible,Selection,mll,145.8718872,298.4481887,0.812160704,1.0,0.198667313,0.2,4000,1.5
LV017,visible,Matching,mll,145.8718872,298.4481887,0.812160704,1.0,0.198667313,0.2,4000,1.5
LV018,visible,Averaging,mll,83.86616764,174.4367496,0.989134733,1.0,0.295896251,0.2,4000,1.5
LV018,visible,Selection,mll,83.86616764,174.4367496,0.989134733,1.0,0.295896251,0.2,4000,1.5
LV018,visible,Matching,mll,83.86616764,174.4367496,0.989134733,1.0,0.295896251,0.2,4000,1.5
LV019,visible,Averaging,mll,78.61345362,163.8443102,0.995850305,1.0,0.388547997,0.2,4000,1.5
LV019,visible,Selection,mll,78.61345362,163.8443102,0.995850305,1.0,0.388547997,0.2,4000,1.5
LV019,visible,Matching,mll,78.61345362,163.8443102,0.995850305,1.0,0.388547997,0.2,4000,1.5
LV020,visible,Averaging,mll,284.0323293,574.7265133,0.959295151,1.0,0.500438498,0.2,4000,1.5
LV020,visible,Selection,mll,284.0323293,574.7265133,0.959295151,1.0,0.500438498,0.2,4000,1.5
LV020,visible,Matching,mll,284.0323293,574.7265133,0.959295151,1.0,0.500438498,0.2,4000,1.5
LV021,visible,Averaging,mll,121.2673064,249.0313878,0.814128436,1.0,0.200291512,0.2,4000,1.5
LV021,visible,Selection,mll,121.2673064,249.0313878,0.814128436,1.0,0.200291512,0.2,4000,1.5
LV021,visible,Matching,mll,121.2673064,249.0313878,0.814128436,1.0,0.200291512,0.2,4000,1.5
LV022,visible,Averaging,mll,88.29068307,182.4591019,0.806068087,1.0,0.199286152,0.2,4000,1.5
LV022,visible,Selection,mll,88.29068307,182.4591019,0.806068087,1.0,0.199286152,0.2,4000,1.5
LV022,visible,Matching,mll,88.29068307,182.4591019,0.806068087,1.0,0.199286152,0.2,4000,1.5
LV023,visible,Averaging,mll,74.86204931,154.7545365,0.959132249,1.0,0.328691035,0.2,4000,1.5
LV023,visible,Selection,mll,74.86204931,154.7545365,0.959132249,1.0,0.328691035,0.2,4000,1.5
LV023,visible,Matching,mll,74.86204931,154.7545365,0.959132249,1.0,0.328691035,0.2,4000,1.5
LV024,visible,Averaging,mll,333.4227094,672.4512208,0.603559189,1.0,0.458057821,0.2,4000,1.5
LV024,visible,Selection,mll,333.4227094,672.4512208,0.603559189,1.0,0.458057821,0.2,4000,1.5
LV024,visible,Matching,mll,333.4227094,672.4512208,0.603559189,1.0,0.458057821,0.2,4000,1.5
LV025,visible,Averaging,mll,85.80893489,177.3414549,0.816394556,1.0,0.203258876,0.2,4000,1.5
LV025,visible,Selection,mll,85.80893489,177.3414549,0.816394556,1.0,0.203258876,0.2,4000,1.5
LV025,visible,Matching,mll,85.80893489,177.3414549,0.816394556,1.0,0.203258876,0.2,4000,1.5
SV103,visible,Averaging,mll,212.3913398,431.4660406,0.950152856,1.0,0.252854481,0.2,4000,1.5
SV103,visible,Selection,mll,212.3913398,431.4660406,0.950152856,1.0,0.252854481,0.2,4000,1.5
SV103,visible,Matching,mll,212.3913398,431.4660406,0.950152856,1.0,0.252854481,0.2,4000,1.5
SV110,visible,Averaging,mll,89.06093301,184.8262804,0.984604574,1.0,0.285016239,0.2,4000,1.5
SV110,visible,Selection,mll,89.06093301,184.8262804,0.984604574,1.0,0.285016239,0.2,4000,1.5
SV110,visible,Matching,mll,89.06093301,184.8262804,0.984604574,1.0,0.285016239,0.2,4000,1.5
SV111,visible,Averaging,mll,245.2285842,497.1190232,0.973531493,1.0,0.419594273,0.2,4000,1.5
SV111,visible,Selection,mll,245.2285842,497.1190232,0.973531493,1.0,0.419594273,0.2,4000,1.5
SV111,visible,Matching,mll,245.2285842,497.1190232,0.973531493,1.0,0.419594273,0.2,4000,1.5
SV113,visible,Averaging,mll,52.33925677,111.3403683,0.995357295,1.0,0.389380489,0.2,4000,1.5
SV113,visible,Selection,mll,52.33925677,111.3403683,0.995357295,1.0,0.389380489,0.2,4000,1.5
SV113,visible,Matching,mll,52.33925677,111.3403683,0.995357295,1.0,0.389380489,0.2,4000,1.5
SV119,visible,Averaging,mll,151.3474721,309.356799,0.877963983,1.0,0.216326657,0.2,4000,1.5
SV119,visible,Selection,mll,151.3474721,309.356799,0.877963983,1.0,0.216326657,0.2,4000,1.5
SV119,visible,Matching,mll,151.3474721,309.356799,0.877963983,1.0,0.216326657,0.2,4000,1.5
LV001,invisible,Averaging,mll,658.3561775,1323.042076,0.231318072,1.0,0.215036294,0.2,4000,1.5
LV001,invisible,Selection,mll,658.3561775,1323.042076,0.231318072,1.0,0.215036294,0.2,4000,1.5
LV001,invisible,Matching,mll,658.3561775,1323.042076,0.231318072,1.0,0.215036294,0.2,4000,1.5
LV002,invisible,Averaging,mll,587.5510335,1181.490628,0.742077377,1.0,0.796821851,0.2,4000,1.5
LV002,invisible,Selection,mll,587.5510335,1181.490628,0.742077377,1.0,0.796821851,0.2,4000,1.5
LV002,invisible,Matching,mll,587.5510335,1181.490628,0.742077377,1.0,0.796821851,0.2,4000,1.5
LV003,invisible,Averaging,mll,247.3703199,500.2129106,0.630770783,1.0,0.350660848,0.2,4000,1.5
LV003,invisible,Selection,mll,247.3703199,500.2129106,0.630770783,1.0,0.350660848,0.2,4000,1.5
LV003,invisible,Matching,mll,247.3703199,500.2129106,0.630770783,1.0,0.350660848,0.2,4000,1.5
LV005,invisible,Averaging,mll,294.3174448,594.412542,0.710695151,1.0,0.292628073,0.2,4000,1.5
LV005,invisible,Selection,mll,294.3174448,594.412542,0.710695151,1.0,0.292628073,0.2,4000,1.5
LV005,invisible,Matching,mll,294.3174448,594.412542,0.710695151,1.0,0.292628073,0.2,4000,1.5
LV008,invisible,Averaging,mll,745.0438742,1496.558548,0.445141989,1.0,0.199751326,0.2,4000,1.5
LV008,invisible,Selection,mll,745.0438742,1496.558548,0.445141989,1.0,0.199751326,0.2,4000,1.5
LV008,invisible,Matching,mll,745.0438742,1496.558548,0.445141989,1.0,0.199751326,0.2,4000,1.5
LV009,invisible,Averaging,mll,358.9846277,723.7469076,0.475862446,1.0,0.202405892,0.2,4000,1.5
LV009,invisible,Selection,mll,358.9846277,723.7469076,0.475862446,1.0,0.202405892,0.2,4000,1.5
LV009,invisible,Matching,mll,358.9846277,723.7469076,0.475862446,1.0,0.202405892,0.2,4000,1.5
LV011,invisible,Averaging,mll,842.6487966,1691.463011,0.203748456,1.0,0.329815307,0.2,4000,1.5
LV011,invisible,Selection,mll,842.6487966,1691.463011,0.203748456,1.0,0.329815307,0.2,4000,1.5
LV011,invisible,Matching,mll,842.6487966,1691.463011,0.203748456,1.0,0.329815307,0.2,4000,1.5
LV012,invisible,Averaging,mll,829.689239,1666.082892,0.676185018,1.0,0.394829416,0.2,4000,1.5
LV012,invisible,Selection,mll,829.689239,1666.082892,0.676185018,1.0,0.394829416,0.2,4000,1.5
LV012,invisible,Matching,mll,829.689239,1666.082892,0.676185018,1.0,0.394829416,0.2,4000,1.5
LV013,invisible,Averaging,mll,962.6985644,1932.101543,0.522704601,1.0,0.229308797,0.2,4000,1.5
LV013,invisible,Selection,mll,962.6985644,1932.101543,0.522704601,1.0,0.229308797,0.2,4000,1.5
LV013,invisible,Matching,mll,962.6985644,1932.101543,0.522704601,1.0,0.229308797,0.2,4000,1.5
LV015,invisible,Averaging,mll,34.38889682,72.30415417,0.493431461,1.0,0.199752161,0.2,4000,1.5
LV015,invisible,Selection,mll,34.38889682,72.30415417,0.493431461,1.0,0.199752161,0.2,4000,1.5
LV015,invisible,Matching,mll,34.38889682,72.30415417,0.493431461,1.0,0.199752161,0.2,4000,1.5
LV016,invisible,Averaging,mll,870.2965932,1747.164069,0.436224526,1.0,0.199776642,0.2,4000,1.5
LV016,invisible,Selection,mll,870.2965932,1747.164069,0.436224526,1.0,0.199776642,0.2,4000,1.5
LV016,invisible,Matching,mll,870.2965932,1747.164069,0.436224526,1.0,0.199776642,0.2,4000,1.5
LV019,invisible,Averaging,mll,13.00129247,28.83579828,0.793567882,1.0,0.605480395,0.2,4000,1.5
LV019,invisible,Selection,mll,13.00129247,28.83579828,0.793567882,1.0,0.605480395,0.2,4000,1.5
LV019,invisible,Matching,mll,13.00129247,28.83579828,0.793567882,1.0,0.605480395,0.2,4000,1.5
LV021,invisible,Averaging,mll,146.1528115,297.2182779,0.493431461,1.0,0.199752161,0.2,4000,1.5
LV021,invisible,Selection,mll,146.1528115,297.2182779,0.493431461,1.0,0.199752161,0.2,4000,1.5
LV021,invisible,Matching,mll,146.1528115,297.2182779,0.493431461,1.0,0.199752161,0.2,4000,1.5
LV022,invisible,Averaging,mll,464.1332967,934.3186825,0.48263872,1.0,0.199799133,0.2,4000,1.5
LV022,invisible,Selection,mll,464.1332967,934.3186825,0.48263872,1.0,0.199799133,0.2,4000,1.5
LV022,invisible,Matching,mll,464.1332967,934.3186825,0.48263872,1.0,0.199799133,0.2,4000,1.5
LV023,invisible,Averaging,mll,717.3863505,1441.102422,0.620977643,1.0,0.413537788,0.2,4000,1.5
LV023,invisible,Selection,mll,717.3863505,1441.102422,0.620977643,1.0,0.413537788,0.2,4000,1.5
LV023,invisible,Matching,mll,717.3863505,1441.102422,0.620977643,1.0,0.413537788,0.2,4000,1.5
LV024,invisible,Averaging,mll,459.234781,924.4808291,0.572829341,1.0,0.247736984,0.2,4000,1.5
LV024,invisible,Selection,mll,459.234781,924.4808291,0.572829341,1.0,0.247736984,0.2,4000,1.5
LV024,invisible,Matching,mll,459.234781,924.4808291,0.572829341,1.0,0.247736984,0.2,4000,1.5
LV025,invisible,Averaging,mll,525.5101704,1057.149391,0.451444495,1.0,0.199777325,0.2,4000,1.5
LV025,invisible,Selection,mll,525.5101704,1057.149391,0.451444495,1.0,0.199777325,0.2,4000,1.5
LV025,invisible,Matching,mll,525.5101704,1057.149391,0.451444495,1.0,0.199777325,0.2,4000,1.5
SV103,invisible,Averaging,mll,12.95768008,28.74857351,0.571645772,1.0,0.483165337,0.2,4000,1.5
SV103,invisible,Selection,mll,12.95768008,28.74857351,0.571645772,1.0,0.483165337,0.2,4000,1.5
SV103,invisible,Matching,mll,12.95768008,28.74857351,0.571645772,1.0,0.483165337,0.2,4000,1.5
SV111,invisible,Averaging,mll,16.06993177,34.97307688,0.490381638,1.0,0.94464012,0.2,4000,1.5
SV111,invisible,Selection,mll,16.06993177,34.97307688,0.490381638,1.0,0.94464012,0.2,4000,1.5
SV111,invisible,Matching,mll,16.06993177,34.97307688,0.490381638,1.0,0.94464012,0.2,4000,1.5
SV113,invisible,Averaging,mll,37.13918871,77.80473794,0.50600423,1.0,0.227376675,0.2,4000,1.5
SV113,invisible,Selection,mll,37.13918871,77.80473794,0.50600423,1.0,0.227376675,0.2,4000,1.5
SV113,invisible,Matching,mll,37.13918871,77.80473794,0.50600423,1.0,0.227376675,0.2,4000,1.5
SV119,invisible,Averaging,mll,15.27180963,33.3768326,0.644273363,1.0,0.234618116,0.2,4000,1.5
SV119,invisible,Selection,mll,15.27180963,33.3768326,0.644273363,1.0,0.234618116,0.2,4000,1.5
SV119,invisible,Matching,mll,15.27180963,33.3768326,0.644273363,1.0,0.234618116,0.2,4000,1.5
LV001,5,Averaging,mll,82.15561839,169.9170389,0.885881412,1.0,0.222172894,0.2,4000,1.5
LV001,5,Selection,mll,82.15561839,169.9170389,0.885881412,1.0,0.222172894,0.2,4000,1.5
LV001,5,Matching,mll,82.15561839,169.9170389,0.885881412,1.0,0.222172894,0.2,4000,1.5
LV002,5,Averaging,mll,263.5928595,532.7915211,0.780904716,1.0,0.68282947,0.2,4000,1.5
LV002,5,Selection,mll,263.5928595,532.7915211,0.780904716,1.0,0.68282947,0.2,4000,1.5
LV002,5,Matching,mll,263.5928595,532.7915211,0.780904716,1.0,0.68282947,0.2,4000,1.5
LV003,5,Averaging,mll,88.74487408,183.0955502,0.973358956,1.0,0.361694084,0.2,4000,1.5
LV003,5,Selection,mll,88.74487408,183.0955502,0.973358956,1.0,0.361694084,0.2,4000,1.5
LV003,5,Matching,mll,88.74487408,183.0955502,0.973358956,1.0,0.361694084,0.2,4000,1.5
LV005,5,Averaging,mll,149.4705307,304.5468636,0.905172302,1.0,0.305090125,0.2,4000,1.5
LV005,5,Selection,mll,149.4705307,304.5468636,0.905172302,1.0,0.305090125,0.2,4000,1.5
LV005,5,Matching,mll,149.4705307,304.5468636,0.905172302,1.0,0.305090125,0.2,4000,1.5
LV007,5,Averaging,mll,57.0385106,119.6828233,0.94418683,1.0,0.24923275,0.2,4000,1.5
LV007,5,Selection,mll,57.0385106,119.6828233,0.94418683,1.0,0.24923275,0.2,4000,1.5
LV007,5,Matching,mll,57.0385106,119.6828233,0.94418683,1.0,0.24923275,0.2,4000,1.5
LV008,5,Averaging,mll,169.576222,344.7582461,0.741713089,1.0,0.206577244,0.2,4000,1.5
LV008,5,Selection,mll,169.576222,344.7582461,0.741713089,1.0,0.206577244,0.2,4000,1.5
LV008,5,Matching,mll,169.576222,344.7582461,0.741713089,1.0,0.206577244,0.2,4000,1.5
LV009,5,Averaging,mll,152.857123,311.3200482,0.7463679,1.0,0.202472955,0.2,4000,1.5
LV009,5,Selection,mll,152.857123,311.3200482,0.7463679,1.0,0.202472955,0.2,4000,1.5
LV009,5,Matching,mll,152.857123,311.3200482,0.7463679,1.0,0.202472955,0.2,4000,1.5
LV011,5,Averaging,mll,325.8790722,657.3639465,0.565920462,1.0,0.650503233,0.2,4000,1.5
LV011,5,Selection,mll,325.8790722,657.3639465,0.565920462,1.0,0.650503233,0.2,4000,1.5
LV011,5,Matching,mll,325.8790722,657.3639465,0.565920462,1.0,0.650503233,0.2,4000,1.5
LV012,5,Averaging,mll,276.2393143,558.0844307,0.475926739,1.0,0.496219748,0.2,4000,1.5
LV012,5,Selection,mll,276.2393143,558.0844307,0.475926739,1.0,0.496219748,0.2,4000,1.5
LV012,5,Matching,mll,276.2393143,558.0844307,0.475926739,1.0,0.496219748,0.2,4000,1.5
LV013,5,Averaging,mll,309.9219942,625.4497904,0.586706846,1.0,0.263587602,0.2,4000,1.5
LV013,5,Selection,mll,309.9219942,625.4497904,0.586706846,1.0,0.263587602,0.2,4000,1.5
LV013,5,Matching,mll,309.9219942,625.4497904,0.586706846,1.0,0.263587602,0.2,4000,1.5
LV015,5,Averaging,mll,64.5032186,134.6122393,0.806774961,1.0,0.199279968,0.2,4000,1.5
LV015,5,Selection,mll,64.5032186,134.6122393,0.806774961,1.0,0.199279968,0.2,4000,1.5
LV015,5,Matching,mll,64.5032186,134.6122393,0.806774961,1.0,0.199279968,0.2,4000,1.5
LV016,5,Averaging,mll,292.3282003,590.2622027,0.533273326,1.0,0.199747114,0.2,4000,1.5
LV016,5,Selection,mll,292.3282003,590.2622027,0.533273326,1.0,0.199747114,0.2,4000,1.5
LV016,5,Matching,mll,292.3282003,590.2622027,0.533273326,1.0,0.199747114,0.2,4000,1.5
LV017,5,Averaging,mll,50.89124858,107.3882992,0.811579425,1.0,0.199315427,0.2,4000,1.5
LV017,5,Selection,mll,50.89124858,107.3882992,0.811579425,1.0,0.199315427,0.2,4000,1.5
LV017,5,Matching,mll,50.89124858,107.3882992,0.811579425,1.0,0.199315427,0.2,4000,1.5
LV018,5,Averaging,mll,33.79478216,73.19536638,0.987203153,1.0,0.290686533,0.2,4000,1.5
LV018,5,Selection,mll,33.79478216,73.19536638,0.987203153,1.0,0.290686533,0.2,4000,1.5
LV018,5,Matching,mll,33.79478216,73.19536638,0.987203153,1.0,0.290686533,0.2,4000,1.5
LV019,5,Averaging,mll,17.31374123,40.23328452,0.995796893,1.0,0.389450004,0.2,4000,1.5
LV019,5,Selection,mll,17.31374123,40.23328452,0.995796893,1.0,0.389450004,0.2,4000,1.5
LV019,5,Matching,mll,17.31374123,40.23328452,0.995796893,1.0,0.389450004,0.2,4000,1.5
LV020,5,Averaging,mll,93.62147353,192.8487491,0.956319886,1.0,0.540085264,0.2,4000,1.5
LV020,5,Selection,mll,93.62147353,192.8487491,0.956319886,1.0,0.540085264,0.2,4000,1.5
LV020,5,Matching,mll,93.62147353,192.8487491,0.956319886,1.0,0.540085264,0.2,4000,1.5
LV021,5,Averaging,mll,50.89124858,107.3882992,0.811579425,1.0,0.199315427,0.2,4000,1.5
LV021,5,Selection,mll,50.89124858,107.3882992,0.811579425,1.0,0.199315427,0.2,4000,1.5
LV021,5,Matching,mll,50.89124858,107.3882992,0.811579425,1.0,0.199315427,0.2,4000,1.5
LV022,5,Averaging,mll,186.9117964,379.4293948,0.701746328,1.0,0.199770451,0.2,4000,1.5
LV022,5,Selection,mll,186.9117964,379.4293948,0.701746328,1.0,0.199770451,0.2,4000,1.5
LV022,5,Matching,mll,186.9117964,379.4293948,0.701746328,1.0,0.199770451,0.2,4000,1.5
LV023,5,Averaging,mll,275.5157135,556.6372291,0.763077443,1.0,0.352060247,0.2,4000,1.5
LV023,5,Selection,mll,275.5157135,556.6372291,0.763077443,1.0,0.352060247,0.2,4000,1.5
LV023,5,Matching,mll,275.5157135,556.6372291,0.763077443,1.0,0.352060247,0.2,4000,1.5
LV024,5,Averaging,mll,344.8335823,695.2729668,0.695698898,1.0,0.383550251,0.2,4000,1.5
LV024,5,Selection,mll,344.8335823,695.2729668,0.695698898,1.0,0.383550251,0.2,4000,1.5
LV024,5,Matching,mll,344.8335823,695.2729668,0.695698898,1.0,0.383550251,0.2,4000,1.5
LV025,5,Averaging,mll,221.21827,448.0423421,0.679294383,1.0,0.204079827,0.2,4000,1.5
LV025,5,Selection,mll,221.21827,448.0423421,0.679294383,1.0,0.204079827,0.2,4000,1.5
LV025,5,Matching,mll,221.21827,448.0423421,0.679294383,1.0,0.204079827,0.2,4000,1.5
SV103,5,Averaging,mll,51.34165029,108.2891026,0.967463989,1.0,0.262252099,0.2,4000,1.5
SV103,5,Selection,mll,51.34165029,108.2891026,0.967463989,1.0,0.262252099,0.2,4000,1.5
SV103,5,Matching,mll,51.34165029,108.2891026,0.967463989,1.0,0.262252099,0.2,4000,1.5
SV110,5,Averaging,mll,25.83540745,57.27661696,0.988821449,1.0,0.293957621,0.2,4000,1.5
SV110,5,Selection,mll,25.83540745,57.27661696,0.988821449,1.0,0.293957621,0.2,4000,1.5
SV110,5,Matching,mll,25.83540745,57.27661696,0.988821449,1.0,0.293957621,0.2,4000,1.5
SV111,5,Averaging,mll,89.51081675,184.6274356,0.973282062,1.0,0.385191009,0.2,4000,1.5
SV111,5,Selection,mll,89.51081675,184.6274356,0.973282062,1.0,0.385191009,0.2,4000,1.5
SV111,5,Matching,mll,89.51081675,184.6274356,0.973282062,1.0,0.385191009,0.2,4000,1.5
SV113,5,Averaging,mll,23.45806338,52.52192883,0.992437419,1.0,0.417567838,0.2,4000,1.5
SV113,5,Selection,mll,23.45806338,52.52192883,0.992437419,1.0,0.417567838,0.2,4000,1.5
SV113,5,Matching,mll,23.45806338,52.52192883,0.992437419,1.0,0.417567838,0.2,4000,1.5
SV119,5,Averaging,mll,48.86510204,103.3360061,0.887651139,1.0,0.219329354,0.2,4000,1.5
SV119,5,Selection,mll,48.86510204,103.3360061,0.887651139,1.0,0.219329354,0.2,4000,1.5
SV119,5,Matching,mll,48.86510204,103.3360061,0.887651139,1.0,0.219329354,0.2,4000,1.5
LV001,10,Averaging,mll,316.073906,637.7536141,0.20998892,1.0,0.199748405,0.2,4000,1.5
LV001,10,Selection,mll,316.073906,637.7536141,0.20998892,1.0,0.199748405,0.2,4000,1.5
LV001,10,Matching,mll,316.073906,637.7536141,0.20998892,1.0,0.199748405,0.2,4000,1.5
LV002,10,Averaging,mll,269.6272939,544.8603898,0.796124309,1.0,0.510403991,0.2,4000,1.5
LV002,10,Selection,mll,269.6272939,544.8603898,0.796124309,1.0,0.510403991,0.2,4000,1.5
LV002,10,Matching,mll,269.6272939,544.8603898,0.796124309,1.0,0.510403991,0.2,4000,1.5
LV003,10,Averaging,mll,81.41511413,168.4360303,0.977325617,1.0,0.392884719,0.2,4000,1.5
LV003,10,Selection,mll,81.41511413,168.4360303,0.977325617,1.0,0.392884719,0.2,4000,1.5
LV003,10,Matching,mll,81.41511413,168.4360303,0.977325617,1.0,0.392884719,0.2,4000,1.5
LV005,10,Averaging,mll,136.9400087,279.4858194,0.92147208,1.0,0.298845303,0.2,4000,1.5
LV005,10,Selection,mll,136.9400087,279.4858194,0.92147208,1.0,0.298845303,0.2,4000,1.5
LV005,10,Matching,mll,136.9400087,279.4858194,0.92147208,1.0,0.298845303,0.2,4000,1.5
LV007,10,Averaging,mll,55.66720997,116.940222,0.964103123,1.0,0.261721788,0.2,4000,1.5
LV007,10,Selection,mll,55.66720997,116.940222,0.964103123,1.0,0.261721788,0.2,4000,1.5
LV007,10,Matching,mll,55.66720997,116.940222,0.964103123,1.0,0.261721788,0.2,4000,1.5
LV008,10,Averaging,mll,305.7703783,617.1465588,0.479022358,1.0,0.204169256,0.2,4000,1.5
LV008,10,Selection,mll,305.7703783,617.1465588,0.479022358,1.0,0.204169256,0.2,4000,1.5
LV008,10,Matching,mll,305.7703783,617.1465588,0.479022358,1.0,0.204169256,0.2,4000,1.5
LV009,10,Averaging,mll,146.0957188,297.7972397,0.744303647,1.0,0.200354482,0.2,4000,1.5
LV009,10,Selection,mll,146.0957188,297.7972397,0.744303647,1.0,0.200354482,0.2,4000,1.5
LV009,10,Matching,mll,146.0957188,297.7972397,0.744303647,1.0,0.200354482,0.2,4000,1.5
LV011,10,Averaging,mll,348.280434,702.1666701,0.507819963,1.0,0.417552398,0.2,4000,1.5
LV011,10,Selection,mll,348.280434,702.1666701,0.507819963,1.0,0.417552398,0.2,4000,1.5
LV011,10,Matching,mll,348.280434,702.1666701,0.507819963,1.0,0.417552398,0.2,4000,1.5
LV012,10,Averaging,mll,286.1608582,577.9275184,0.622294733,1.0,0.27651114,0.2,4000,1.5
LV012,10,Selection,mll,286.1608582,577.9275184,0.622294733,1.0,0.27651114,0.2,4000,1.5
LV012,10,Matching,mll,286.1608582,577.9275184,0.622294733,1.0,0.27651114,0.2,4000,1.5
LV013,10,Averaging,mll,339.7722046,685.1502114,0.450246851,1.0,0.204566844,0.2,4000,1.5
LV013,10,Selection,mll,339.7722046,685.1502114,0.450246851,1.0,0.204566844,0.2,4000,1.5
LV013,10,Matching,mll,339.7722046,685.1502114,0.450246851,1.0,0.204566844,0.2,4000,1.5
LV015,10,Averaging,mll,95.11616359,195.8381293,0.793646721,1.0,0.199300505,0.2,4000,1.5
LV015,10,Selection,mll,95.11616359,195.8381293,0.793646721,1.0,0.199300505,0.2,4000,1.5
LV015,10,Matching,mll,95.11616359,195.8381293,0.793646721,1.0,0.199300505,0.2,4000,1.5
LV016,10,Averaging,mll,292.305623,590.217048,0.493431461,1.0,0.199752161,0.2,4000,1.5
LV016,10,Selection,mll,292.305623,590.217048,0.493431461,1.0,0.199752161,0.2,4000,1.5
LV016,10,Matching,mll,292.305623,590.217048,0.493431461,1.0,0.199752161,0.2,4000,1.5
LV017,10,Averaging,mll,47.49110465,100.5880114,0.812485472,1.0,0.199279968,0.2,4000,1.5
LV017,10,Selection,mll,47.49110465,100.5880114,0.812485472,1.0,0.199279968,0.2,4000,1.5
LV017,10,Matching,mll,47.49110465,100.5880114,0.812485472,1.0,0.199279968,0.2,4000,1.5
LV018,10,Averaging,mll,24.61146933,54.82874072,0.990320551,1.0,0.298288258,0.2,4000,1.5
LV018,10,Selection,mll,24.61146933,54.82874072,0.990320551,1.0,0.298288258,0.2,4000,1.5
LV018,10,Matching,mll,24.61146933,54.82874072,0.990320551,1.0,0.298288258,0.2,4000,1.5
LV019,10,Averaging,mll,33.80615008,73.21810223,0.994078858,1.0,0.37977599,0.2,4000,1.5
LV019,10,Selection,mll,33.80615008,73.21810223,0.994078858,1.0,0.37977599,0.2,4000,1.5
LV019,10,Matching,mll,33.80615008,73.21810223,0.994078858,1.0,0.37977599,0.2,4000,1.5
LV020,10,Averaging,mll,156.3302623,318.2663267,0.910810593,1.0,0.514105398,0.2,4000,1.5
LV020,10,Selection,mll,156.3302623,318.2663267,0.910810593,1.0,0.514105398,0.2,4000,1.5
LV020,10,Matching,mll,156.3302623,318.2663267,0.910810593,1.0,0.514105398,0.2,4000,1.5
LV021,10,Averaging,mll,71.28572291,148.1772479,0.810132456,1.0,0.20068845,0.2,4000,1.5
LV021,10,Selection,mll,71.28572291,148.1772479,0.810132456,1.0,0.20068845,0.2,4000,1.5
LV021,10,Matching,mll,71.28572291,148.1772479,0.810132456,1.0,0.20068845,0.2,4000,1.5
LV022,10,Averaging,mll,173.2998475,352.205497,0.705764336,1.0,0.199799283,0.2,4000,1.5
LV022,10,Selection,mll,173.2998475,352.205497,0.705764336,1.0,0.199799283,0.2,4000,1.5
LV022,10,Matching,mll,173.2998475,352.205497,0.705764336,1.0,0.199799283,0.2,4000,1.5
LV023,10,Averaging,mll,353.3155113,712.2368246,0.668726032,1.0,0.539637718,0.2,4000,1.5
LV023,10,Selection,mll,353.3155113,712.2368246,0.668726032,1.0,0.539637718,0.2,4000,1.5
LV023,10,Matching,mll,353.3155113,712.2368246,0.668726032,1.0,0.539637718,0.2,4000,1.5
LV024,10,Averaging,mll,358.0613431,721.7284882,0.669544849,1.0,0.556720925,0.2,4000,1.5
LV024,10,Selection,mll,358.0613431,721.7284882,0.669544849,1.0,0.556720925,0.2,4000,1.5
LV024,10,Matching,mll,358.0613431,721.7284882,0.669544849,1.0,0.556720925,0.2,4000,1.5
LV025,10,Averaging,mll,207.290325,420.1864521,0.658185057,1.0,0.200674706,0.2,4000,1.5
LV025,10,Selection,mll,207.290325,420.1864521,0.658185057,1.0,0.200674706,0.2,4000,1.5
LV025,10,Matching,mll,207.290325,420.1864521,0.658185057,1.0,0.200674706,0.2,4000,1.5
SV103,10,Averaging,mll,105.6573864,216.9205748,0.939613014,1.0,0.261948425,0.2,4000,1.5
SV103,10,Selection,mll,105.6573864,216.9205748,0.939613014,1.0,0.261948425,0.2,4000,1.5
SV103,10,Matching,mll,105.6573864,216.9205748,0.939613014,1.0,0.261948425,0.2,4000,1.5
SV110,10,Averaging,mll,29.99176622,65.58933451,0.981750082,1.0,0.280525887,0.2,4000,1.5
SV110,10,Selection,mll,29.99176622,65.58933451,0.981750082,1.0,0.280525887,0.2,4000,1.5
SV110,10,Matching,mll,29.99176622,65.58933451,0.981750082,1.0,0.280525887,0.2,4000,1.5
SV111,10,Averaging,mll,95.33931833,196.2844387,0.957976225,1.0,0.514660609,0.2,4000,1.5
SV111,10,Selection,mll,95.33931833,196.2844387,0.957976225,1.0,0.514660609,0.2,4000,1.5
SV111,10,Matching,mll,95.33931833,196.2844387,0.957976225,1.0,0.514660609,0.2,4000,1.5
SV113,10,Averaging,mll,15.48430944,36.57442094,0.995422385,1.0,0.388555337,0.2,4000,1.5
SV113,10,Selection,mll,15.48430944,36.57442094,0.995422385,1.0,0.388555337,0.2,4000,1.5
SV113,10,Matching,mll,15.48430944,36.57442094,0.995422385,1.0,0.388555337,0.2,4000,1.5
SV119,10,Averaging,mll,46.3503944,98.30659086,0.870757771,1.0,0.212788422,0.2,4000,1.5
SV119,10,Selection,mll,46.3503944,98.30659086,0.870757771,1.0,0.212788422,0.2,4000,1.5
SV119,10,Matching,mll,46.3503944,98.30659086,0.870757771,1.0,0.212788422,0.2,4000,1.5
LV001,15,Averaging,mll,333.0860199,671.7778419,0.189145405,1.0,0.199748405,0.2,4000,1.5
LV001,15,Selection,mll,333.0860199,671.7778419,0.189145405,1.0,0.199748405,0.2,4000,1.5
LV001,15,Matching,mll,333.0860199,671.7778419,0.189145405,1.0,0.199748405,0.2,4000,1.5
LV002,15,Averaging,mll,231.8914249,469.3886518,0.819683706,1.0,0.562091049,0.2,4000,1.5
LV002,15,Selection,mll,231.8914249,469.3886518,0.819683706,1.0,0.562091049,0.2,4000,1.5
LV002,15,Matching,mll,231.8914249,469.3886518,0.819683706,1.0,0.562091049,0.2,4000,1.5
LV003,15,Averaging,mll,111.8472636,229.3003294,0.951541857,1.0,0.38917407,0.2,4000,1.5
LV003,15,Selection,mll,111.8472636,229.3003294,0.951541857,1.0,0.38917407,0.2,4000,1.5
LV003,15,Matching,mll,111.8472636,229.3003294,0.951541857,1.0,0.38917407,0.2,4000,1.5
LV005,15,Averaging,mll,128.9257602,263.4573225,0.925180175,1.0,0.280223916,0.2,4000,1.5
LV005,15,Selection,mll,128.9257602,263.4573225,0.925180175,1.0,0.280223916,0.2,4000,1.5
LV005,15,Matching,mll,128.9257602,263.4573225,0.925180175,1.0,0.280223916,0.2,4000,1.5
LV007,15,Averaging,mll,66.20705255,138.0199072,0.965890265,1.0,0.283107362,0.2,4000,1.5
LV007,15,Selection,mll,66.20705255,138.0199072,0.965890265,1.0,0.283107362,0.2,4000,1.5
LV007,15,Matching,mll,66.20705255,138.0199072,0.965890265,1.0,0.283107362,0.2,4000,1.5
LV008,15,Averaging,mll,319.5069434,644.6196889,0.439476899,1.0,0.199757714,0.2,4000,1.5
LV008,15,Selection,mll,319.5069434,644.6196889,0.439476899,1.0,0.199757714,0.2,4000,1.5
LV008,15,Matching,mll,319.5069434,644.6196889,0.439476899,1.0,0.199757714,0.2,4000,1.5
LV009,15,Averaging,mll,166.4568584,338.5195188,0.728196817,1.0,0.202450121,0.2,4000,1.5
LV009,15,Selection,mll,166.4568584,338.5195188,0.728196817,1.0,0.202450121,0.2,4000,1.5
LV009,15,Matching,mll,166.4568584,338.5195188,0.728196817,1.0,0.202450121,0.2,4000,1.5
LV011,15,Averaging,mll,336.8924459,679.3906939,0.571347796,1.0,0.341054945,0.2,4000,1.5
LV011,15,Selection,mll,336.8924459,679.3906939,0.571347796,1.0,0.341054945,0.2,4000,1.5
LV011,15,Matching,mll,336.8924459,679.3906939,0.571347796,1.0,0.341054945,0.2,4000,1.5
LV012,15,Averaging,mll,266.6854258,538.9766537,0.502535513,1.0,0.949218075,0.2,4000,1.5
LV012,15,Selection,mll,266.6854258,538.9766537,0.502535513,1.0,0.949218075,0.2,4000,1.5
LV012,15,Matching,mll,266.6854258,538.9766537,0.502535513,1.0,0.949218075,0.2,4000,1.5
LV013,15,Averaging,mll,307.1494144,619.904631,0.536486795,1.0,0.235063593,0.2,4000,1.5
LV013,15,Selection,mll,307.1494144,619.904631,0.536486795,1.0,0.235063593,0.2,4000,1.5
LV013,15,Matching,mll,307.1494144,619.904631,0.536486795,1.0,0.235063593,0.2,4000,1.5
LV015,15,Averaging,mll,81.50535093,168.6165039,0.802899648,1.0,0.20022747,0.2,4000,1.5
LV015,15,Selection,mll,81.50535093,168.6165039,0.802899648,1.0,0.20022747,0.2,4000,1.5
LV015,15,Matching,mll,81.50535093,168.6165039,0.802899648,1.0,0.20022747,0.2,4000,1.5
LV016,15,Averaging,mll,333.0860199,671.7778419,0.189145405,1.0,0.199748405,0.2,4000,1.5
LV016,15,Selection,mll,333.0860199,671.7778419,0.189145405,1.0,0.199748405,0.2,4000,1.5
LV016,15,Matching,mll,333.0860199,671.7778419,0.189145405,1.0,0.199748405,0.2,4000,1.5
LV017,15,Averaging,mll,47.49110465,100.5880114,0.812485472,1.0,0.199279968,0.2,4000,1.5
LV017,15,Selection,mll,47.49110465,100.5880114,0.812485472,1.0,0.199279968,0.2,4000,1.5
LV017,15,Matching,mll,47.49110465,100.5880114,0.812485472,1.0,0.199279968,0.2,4000,1.5
LV018,15,Averaging,mll,25.42475981,56.45532169,0.98937293,1.0,0.295865078,0.2,4000,1.5
LV018,15,Selection,mll,25.42475981,56.45532169,0.98937293,1.0,0.295865078,0.2,4000,1.5
LV018,15,Matching,mll,25.42475981,56.45532169,0.98937293,1.0,0.295865078,0.2,4000,1.5
LV019,15,Averaging,mll,64.63733551,134.8804731,0.987502455,1.0,0.361594884,0.2,4000,1.5
LV019,15,Selection,mll,64.63733551,134.8804731,0.987502455,1.0,0.361594884,0.2,4000,1.5
LV019,15,Matching,mll,64.63733551,134.8804731,0.987502455,1.0,0.361594884,0.2,4000,1.5
LV020,15,Averaging,mll,72.8635946,151.3329913,0.972882041,1.0,0.540613675,0.2,4000,1.5
LV020,15,Selection,mll,72.8635946,151.3329913,0.972882041,1.0,0.540613675,0.2,4000,1.5
LV020,15,Matching,mll,72.8635946,151.3329913,0.972882041,1.0,0.540613675,0.2,4000,1.5
LV021,15,Averaging,mll,156.2990222,318.2038465,0.728883946,1.0,0.199700752,0.2,4000,1.5
LV021,15,Selection,mll,156.2990222,318.2038465,0.728883946,1.0,0.199700752,0.2,4000,1.5
LV021,15,Matching,mll,156.2990222,318.2038465,0.728883946,1.0,0.199700752,0.2,4000,1.5
LV022,15,Averaging,mll,214.1018281,433.8094583,0.64107765,1.0,0.199803691,0.2,4000,1.5
LV022,15,Selection,mll,214.1018281,433.8094583,0.64107765,1.0,0.199803691,0.2,4000,1.5
LV022,15,Matching,mll,214.1018281,433.8094583,0.64107765,1.0,0.199803691,0.2,4000,1.5
LV023,15,Averaging,mll,259.8293254,525.2644529,0.775209323,1.0,0.339389727,0.2,4000,1.5
LV023,15,Selection,mll,259.8293254,525.2644529,0.775209323,1.0,0.339389727,0.2,4000,1.5
LV023,15,Matching,mll,259.8293254,525.2644529,0.775209323,1.0,0.339389727,0.2,4000,1.5
LV024,15,Averaging,mll,326.6721347,658.9500714,0.736159135,1.0,0.417582523,0.2,4000,1.5
LV024,15,Selection,mll,326.6721347,658.9500714,0.736159135,1.0,0.417582523,0.2,4000,1.5
LV024,15,Matching,mll,326.6721347,658.9500714,0.736159135,1.0,0.417582523,0.2,4000,1.5
LV025,15,Averaging,mll,231.0846408,467.7750838,0.617781661,1.0,0.200806445,0.2,4000,1.5
LV025,15,Selection,mll,231.0846408,467.7750838,0.617781661,1.0,0.200806445,0.2,4000,1.5
LV025,15,Matching,mll,231.0846408,467.7750838,0.617781661,1.0,0.200806445,0.2,4000,1.5
SV103,15,Averaging,mll,72.49418041,150.5941629,0.92367247,1.0,0.234240636,0.2,4000,1.5
SV103,15,Selection,mll,72.49418041,150.5941629,0.92367247,1.0,0.234240636,0.2,4000,1.5
SV103,15,Matching,mll,72.49418041,150.5941629,0.92367247,1.0,0.234240636,0.2,4000,1.5
SV110,15,Averaging,mll,32.97003041,71.54586289,0.982563069,1.0,0.280108534,0.2,4000,1.5
SV110,15,Selection,mll,32.97003041,71.54586289,0.982563069,1.0,0.280108534,0.2,4000,1.5
SV110,15,Matching,mll,32.97003041,71.54586289,0.982563069,1.0,0.280108534,0.2,4000,1.5
SV111,15,Averaging,mll,88.06178812,181.7293783,0.985904941,1.0,0.357901837,0.2,4000,1.5
SV111,15,Selection,mll,88.06178812,181.7293783,0.985904941,1.0,0.357901837,0.2,4000,1.5
SV111,15,Matching,mll,88.06178812,181.7293783,0.985904941,1.0,0.357901837,0.2,4000,1.5
SV113,15,Averaging,mll,50.65001415,106.9058304,0.9925505,1.0,0.361003403,0.2,4000,1.5
SV113,15,Selection,mll,50.65001415,106.9058304,0.9925505,1.0,0.361003403,0.2,4000,1.5
SV113,15,Matching,mll,50.65001415,106.9058304,0.9925505,1.0,0.361003403,0.2,4000,1.5
SV119,15,Averaging,mll,83.3398878,172.2855777,0.869521593,1.0,0.216765813,0.2,4000,1.5
SV119,15,Selection,mll,83.3398878,172.2855777,0.869521593,1.0,0.216765813,0.2,4000,1.5
SV119,15,Matching,mll,83.3398878,172.2855777,0.869521593,1.0,0.216765813,0.2,4000,1.5
SV201,raw,Averaging,mll,100.2727377574466,207.24988986985733,0.9759849751569164,1.0,0.2682773128174781,0.2,4000,1.5
SV201,raw,Selection,mll,100.2727377574466,207.24988986985733,0.9759849751569164,1.0,0.2682773128174781,0.2,4000,1.5
SV201,raw,Matching,mll,100.2727377574466,207.24988986985733,0.9759849751569164,1.0,0.2682773128174781,0.2,4000,1.5
SV202,raw,Averaging,mll,207.1104868431576,420.92538804127935,0.8057492114636784,1.0,0.1992865003462433,0.2,4000,1.5
SV202,raw,Selection,mll,207.1104868431576,420.92538804127935,0.8057492114636784,1.0,0.1992865003462433,0.2,4000,1.5
SV202,raw,Matching,mll,207.1104868431576,420.92538804127935,0.8057492114636784,1.0,0.1992865003462433,0.2,4000,1.5
SV201,visible,Averaging,mll,100.2727377574466,207.24988986985733,0.9759849751569164,1.0,0.2682773128174781,0.2,4000,1.5
SV201,visible,Selection,mll,100.2727377574466,207.24988986985733,0.9759849751569164,1.0,0.2682773128174781,0.2,4000,1.5
SV201,visible,Matching,mll,100.2727377574466,207.24988986985733,0.9759849751569164,1.0,0.2682773128174781,0.2,4000,1.5
SV202,visible,Averaging,mll,207.1104868431576,420.92538804127935,0.8057492114636784,1.0,0.1992865003462433,0.2,4000,1.5
SV202,visible,Selection,mll,207.1104868431576,420.92538804127935,0.8057492114636784,1.0,0.1992865003462433,0.2,4000,1.5
SV202,visible,Matching,mll,207.1104868431576,420.92538804127935,0.8057492114636784,1.0,0.1992865003462433,0.2,4000,1.5
SV201,5,Averaging,mll,32.60570924265737,70.81722055161073,0.9751759490064004,1.0,0.2682855559946711,0.2,4000,1.5
SV201,5,Selection,mll,32.60570924265737,70.81722055161073,0.9751759490064004,1.0,0.2682855559946711,0.2,4000,1.5
SV201,5,Matching,mll,32.60570924265737,70.81722055161073,0.9751759490064004,1.0,0.2682855559946711,0.2,4000,1.5
SV202,5,Averaging,mll,81.51533253842157,168.63646714313916,0.7995768728593933,1.0,0.19927996820548,0.2,4000,1.5
SV202,5,Selection,mll,81.51533253842157,168.63646714313916,0.7995768728593933,1.0,0.19927996820548,0.2,4000,1.5
SV202,5,Matching,mll,81.51533253842157,168.63646714313916,0.7995768728593933,1.0,0.19927996820548,0.2,4000,1.5
SV201,10,Averaging,mll,32.60570924265737,70.81722055161073,0.9751759490064004,1.0,0.2682855559946711,0.2,4000,1.5
SV201,10,Selection,mll,32.60570924265737,70.81722055161073,0.9751759490064004,1.0,0.2682855559946711,0.2,4000,1.5
SV201,10,Matching,mll,32.60570924265737,70.81722055161073,0.9751759490064004,1.0,0.2682855559946711,0.2,4000,1.5
SV202,10,Averaging,mll,71.30363412325133,148.21307031279866,0.8047604610626764,1.0,0.199281327569859,0.2,4000,1.5
SV202,10,Selection,mll,71.30363412325133,148.21307031279866,0.8047604610626764,1.0,0.199281327569859,0.2,4000,1.5
SV202,10,Matching,mll,71.30363412325133,148.21307031279866,0.8047604610626764,1.0,0.199281327569859,0.2,4000,1.5
SV201,15,Averaging,mll,35.09155223327198,75.78890653283996,0.9778421502854332,1.0,0.2751900284220158,0.2,4000,1.5
SV201,15,Selection,mll,35.09155223327198,75.78890653283996,0.9778421502854332,1.0,0.2751900284220158,0.2,4000,1.5
SV201,15,Matching,mll,35.09155223327198,75.78890653283996,0.9778421502854332,1.0,0.2751900284220158,0.2,4000,1.5
SV202,15,Averaging,mll,54.29145634501731,114.1887147563306,0.8105686793333831,1.0,0.1993097976368855,0.2,4000,1.5
SV202,15,Selection,mll,54.29145634501731,114.1887147563306,0.8105686793333831,1.0,0.1993097976368855,0.2,4000,1.5
SV202,15,Matching,mll,54.29145634501731,114.1887147563306,0.8105686793333831,1.0,0.1993097976368855,0.2,4000,1.5
SV203,raw,Averaging,mll,24.531396771241127,55.76720789744636,0.9942347048545828,1.0,0.4007494070720362,0.2,4000,1.5
SV203,raw,Selection,mll,24.531396771241127,55.76720789744636,0.9942347048545828,1.0,0.4007494070720362,0.2,4000,1.5
SV203,raw,Matching,mll,24.531396771241127,55.76720789744636,0.9942347048545828,1.0,0.4007494070720362,0.2,4000,1.5
SV203,visible,Averaging,mll,24.531396771241127,55.76720789744636,0.9942347048545828,1.0,0.4007494070720362,0.2,4000,1.5
SV203,visible,Selection,mll,24.531396771241127,55.76720789744636,0.9942347048545828,1.0,0.4007494070720362,0.2,4000,1.5
SV203,visible,Matching,mll,24.531396771241127,55.76720789744636,0.9942347048545828,1.0,0.4007494070720362,0.2,4000,1.5
SV203,5,Averaging,mll,8.789765094626949,23.18533225554989,0.994565985204996,1.0,0.3946549203389883,0.2,4000,1.5
SV203,5,Selection,mll,8.789765094626949,23.18533225554989,0.994565985204996,1.0,0.3946549203389883,0.2,4000,1.5
SV203,5,Matching,mll,8.789765094626949,23.18533225554989,0.994565985204996,1.0,0.3946549203389883,0.2,4000,1.5
SV203,10,Averaging,mll,8.1771322570742,21.9600665804444,0.9942347048546122,1.0,0.400749407072119,0.2,4000,1.5
SV203,10,Selection,mll,8.1771322570742,21.9600665804444,0.9942347048546122,1.0,0.400749407072119,0.2,4000,1.5
SV203,10,Matching,mll,8.1771322570742,21.9600665804444,0.9942347048546122,1.0,0.400749407072119,0.2,4000,1.5
SV203,15,Averaging,mll,7.549711416620882,20.70522489953776,0.9937031500000434,1.0,0.4132454521268784,0.2,4000,1.5
SV203,15,Selection,mll,7.549711416620882,20.70522489953776,0.9937031500000434,1.0,0.4132454521268784,0.2,4000,1.5
SV203,15,Matching,mll,7.549711416620882,20.70522489953776,0.9937031500000434,1.0,0.4132454521268784,0.2,4000,1.5
SV204,raw,Averaging,mll,128.2317067604604,263.16782787588494,0.9875741511344872,1.0,0.4066093495944773,0.2,4000,1.5
SV204,raw,Selection,mll,128.2317067604604,263.16782787588494,0.9875741511344872,1.0,0.4066093495944773,0.2,4000,1.5
SV204,raw,Matching,mll,128.2317067604604,263.16782787588494,0.9875741511344872,1.0,0.4066093495944773,0.2,4000,1.5
SV204,visible,Averaging,mll,128.2317067604604,263.16782787588494,0.9875741511344872,1.0,0.4066093495944773,0.2,4000,1.5
SV204,visible,Selection,mll,128.2317067604604,263.16782787588494,0.9875741511344872,1.0,0.4066093495944773,0.2,4000,1.5
SV204,visible,Matching,mll,128.2317067604604,263.16782787588494,0.9875741511344872,1.0,0.4066093495944773,0.2,4000,1.5
SV204,5,Averaging,mll,24.561825358672458,54.72945278364092,0.9920639297053452,1.0,0.4132454521268792,0.2,4000,1.5
SV204,5,Selection,mll,24.561825358672458,54.72945278364092,0.9920639297053452,1.0,0.4132454521268792,0.2,4000,1.5
SV204,5,Matching,mll,24.561825358672458,54.72945278364092,0.9920639297053452,1.0,0.4132454521268792,0.2,4000,1.5
SV204,10,Averaging,mll,58.58605324277562,122.77790855184725,0.9793392290001788,1.0,0.4132454521268774,0.2,4000,1.5
SV204,10,Selection,mll,58.58605324277562,122.77790855184725,0.9793392290001788,1.0,0.4132454521268774,0.2,4000,1.5
SV204,10,Matching,mll,58.58605324277562,122.77790855184725,0.9793392290001788,1.0,0.4132454521268774,0.2,4000,1.5
SV204,15,Averaging,mll,44.925034929211,95.45587192471798,0.9877599263243924,1.0,0.4130370943204304,0.2,4000,1.5
SV204,15,Selection,mll,44.925034929211,95.45587192471798,0.9877599263243924,1.0,0.4130370943204304,0.2,4000,1.5
SV204,15,Matching,mll,44.925034929211,95.45587192471798,0.9877599263243924,1.0,0.4130370943204304,0.2,4000,1.5
SV205,raw,Averaging,mll,175.27440043019072,357.2532152153456,0.8459114155154593,1.0,0.2073745164421304,0.2,4000,1.5
SV205,raw,Selection,mll,175.27440043019072,357.2532152153456,0.8459114155154593,1.0,0.2073745164421304,0.2,4000,1.5
SV205,raw,Matching,mll,175.27440043019072,357.2532152153456,0.8459114155154593,1.0,0.2073745164421304,0.2,4000,1.5
SV205,visible,Averaging,mll,175.27440043019072,357.2532152153456,0.8459114155154593,1.0,0.2073745164421304,0.2,4000,1.5
SV205,visible,Selection,mll,175.27440043019072,357.2532152153456,0.8459114155154593,1.0,0.2073745164421304,0.2,4000,1.5
SV205,visible,Matching,mll,175.27440043019072,357.2532152153456,0.8459114155154593,1.0,0.2073745164421304,0.2,4000,1.5
SV205,5,Averaging,mll,64.26214510504873,134.13009227639347,0.8356764202594916,1.0,0.2058653042659387,0.2,4000,1.5
SV205,5,Selection,mll,64.26214510504873,134.13009227639347,0.8356764202594916,1.0,0.2058653042659387,0.2,4000,1.5
SV205,5,Matching,mll,64.26214510504873,134.13009227639347,0.8356764202594916,1.0,0.2058653042659387,0.2,4000,1.5
SV205,10,Averaging,mll,46.99868667679517,99.60317541988634,0.8521445072347305,1.0,0.2093237675113791,0.2,4000,1.5
SV205,10,Selection,mll,46.99868667679517,99.60317541988634,0.8521445072347305,1.0,0.2093237675113791,0.2,4000,1.5
SV205,10,Matching,mll,46.99868667679517,99.60317541988634,0.8521445072347305,1.0,0.2093237675113791,0.2,4000,1.5
SV205,15,Averaging,mll,63.95527366116545,133.5163493886269,0.8489861795043654,1.0,0.2093027893113948,0.2,4000,1.5
SV205,15,Selection,mll,63.95527366116545,133.5163493886269,0.8489861795043654,1.0,0.2093027893113948,0.2,4000,1.5
SV205,15,Matching,mll,63.95527366116545,133.5163493886269,0.8489861795043654,1.0,0.2093027893113948,0.2,4000,1.5
SV206,raw,Averaging,mll,529.7611012929098,1066.2266169407835,0.8519762132584444,1.0,0.2831674603861878,0.2,4000,1.5
SV206,raw,Selection,mll,529.7611012929098,1066.2266169407835,0.8519762132584444,1.0,0.2831674603861878,0.2,4000,1.5
SV206,raw,Matching,mll,529.7611012929098,1066.2266169407835,0.8519762132584444,1.0,0.2831674603861878,0.2,4000,1.5
SV206,visible,Averaging,mll,529.7611012929098,1066.2266169407835,0.8519762132584444,1.0,0.2831674603861878,0.2,4000,1.5
SV206,visible,Selection,mll,529.7611012929098,1066.2266169407835,0.8519762132584444,1.0,0.2831674603861878,0.2,4000,1.5
SV206,visible,Matching,mll,529.7611012929098,1066.2266169407835,0.8519762132584444,1.0,0.2831674603861878,0.2,4000,1.5
SV206,5,Averaging,mll,158.41835121609137,322.44250449847874,0.8616182908243214,1.0,0.2898853930692145,0.2,4000,1.5
SV206,5,Selection,mll,158.41835121609137,322.44250449847874,0.8616182908243214,1.0,0.2898853930692145,0.2,4000,1.5
SV206,5,Matching,mll,158.41835121609137,322.44250449847874,0.8616182908243214,1.0,0.2898853930692145,0.2,4000,1.5
SV206,10,Averaging,mll,200.59166340684584,406.7891288799877,0.7995849756241771,1.0,0.2898829934298547,0.2,4000,1.5
SV206,10,Selection,mll,200.59166340684584,406.7891288799877,0.7995849756241771,1.0,0.2898829934298547,0.2,4000,1.5
SV206,10,Matching,mll,200.59166340684584,406.7891288799877,0.7995849756241771,1.0,0.2898829934298547,0.2,4000,1.5
SV206,15,Averaging,mll,168.60019610477696,342.8061942758499,0.8828792060151879,1.0,0.2607736364172849,0.2,4000,1.5
SV206,15,Selection,mll,168.60019610477696,342.8061942758499,0.8828792060151879,1.0,0.2607736364172849,0.2,4000,1.5
SV206,15,Matching,mll,168.60019610477696,342.8061942758499,0.8828792060151879,1.0,0.2607736364172849,0.2,4000,1.5
SV101,raw,Averaging,mll,74.11011602175704,154.9246463984782,0.9962696876021208,1.0,0.3696667735255128,0.2,4000,1.5
SV101,raw,Selection,mll,74.11011602175704,154.9246463984782,0.9962696876021208,1.0,0.3696667735255128,0.2,4000,1.5
SV101,raw,Matching,mll,74.11011602175704,154.9246463984782,0.9962696876021208,1.0,0.3696667735255128,0.2,4000,1.5
SV102,raw,Averaging,mll,243.89907650012933,494.5025673552228,0.9802890454579768,1.0,0.3783518994410342,0.2,4000,1.5
SV102,raw,Selection,mll,243.89907650012933,494.5025673552228,0.9802890454579768,1.0,0.3783518994410342,0.2,4000,1.5
SV102,raw,Matching,mll,243.89907650012933,494.5025673552228,0.9802890454579768,1.0,0.3783518994410342,0.2,4000,1.5
SV104,raw,Averaging,mll,260.79824102715554,528.3008964092752,0.8377894020479791,1.0,0.2088953904782873,0.2,4000,1.5
SV104,raw,Selection,mll,260.79824102715554,528.3008964092752,0.8377894020479791,1.0,0.2088953904782873,0.2,4000,1.5
SV104,raw,Matching,mll,260.79824102715554,528.3008964092752,0.8377894020479791,1.0,0.2088953904782873,0.2,4000,1.5
SV105,raw,Averaging,mll,227.1990257788186,461.1024659126013,0.8949428298960246,1.0,0.2247254787499774,0.2,4000,1.5
SV105,raw,Selection,mll,227.1990257788186,461.1024659126013,0.8949428298960246,1.0,0.2247254787499774,0.2,4000,1.5
SV105,raw,Matching,mll,227.1990257788186,461.1024659126013,0.8949428298960246,1.0,0.2247254787499774,0.2,4000,1.5
SV106,raw,Averaging,mll,95.48664494414956,197.67770424326324,0.9952813235414968,1.0,0.3885211505813459,0.2,4000,1.5
SV106,raw,Selection,mll,95.48664494414956,197.67770424326324,0.9952813235414968,1.0,0.3885211505813459,0.2,4000,1.5
SV106,raw,Matching,mll,95.48664494414956,197.67770424326324,0.9952813235414968,1.0,0.3885211505813459,0.2,4000,1.5
SV107,raw,Averaging,mll,141.90215622654847,290.50872680806106,0.8748155788582517,1.0,0.214118841421024,0.2,4000,1.5
SV107,raw,Selection,mll,141.90215622654847,290.50872680806106,0.8748155788582517,1.0,0.214118841421024,0.2,4000,1.5
SV107,raw,Matching,mll,141.90215622654847,290.50872680806106,0.8748155788582517,1.0,0.214118841421024,0.2,4000,1.5
SV108,raw,Averaging,mll,162.87456054367652,332.4535354423172,0.8105683235823653,1.0,0.1992813275702804,0.2,4000,1.5
SV108,raw,Selection,mll,162.87456054367652,332.4535354423172,0.8105683235823653,1.0,0.1992813275702804,0.2,4000,1.5
SV108,raw,Matching,mll,162.87456054367652,332.4535354423172,0.8105683235823653,1.0,0.1992813275702804,0.2,4000,1.5
SV109,raw,Averaging,mll,258.1527485160948,523.0099113871537,0.7983080432010026,1.0,0.2001246712941757,0.2,4000,1.5
SV109,raw,Selection,mll,258.1527485160948,523.0099113871537,0.7983080432010026,1.0,0.2001246712941757,0.2,4000,1.5
SV109,raw,Matching,mll,258.1527485160948,523.0099113871537,0.7983080432010026,1.0,0.2001246712941757,0.2,4000,1.5
SV121,raw,Averaging,mll,75.46282958050321,157.63007351597054,0.9961484060286891,1.0,0.3626138430772686,0.2,4000,1.5
SV121,raw,Selection,mll,75.46282958050321,157.63007351597054,0.9961484060286891,1.0,0.3626138430772686,0.2,4000,1.5
SV121,raw,Matching,mll,75.46282958050321,157.63007351597054,0.9961484060286891,1.0,0.3626138430772686,0.2,4000,1.5
SV207,raw,Averaging,mll,159.4668640826975,325.6381425203591,0.8147660162817951,1.0,0.2003715378370212,0.2,4000,1.5
SV207,raw,Selection,mll,159.4668640826975,325.6381425203591,0.8147660162817951,1.0,0.2003715378370212,0.2,4000,1.5
SV207,raw,Matching,mll,159.4668640826975,325.6381425203591,0.8147660162817951,1.0,0.2003715378370212,0.2,4000,1.5
SV208,raw,Averaging,mll,142.20542405373763,291.1152624624394,0.9923062955885928,1.0,0.3262759227172874,0.2,4000,1.5
SV208,raw,Selection,mll,142.20542405373763,291.1152624624394,0.9923062955885928,1.0,0.3262759227172874,0.2,4000,1.5
SV208,raw,Matching,mll,142.20542405373763,291.1152624624394,0.9923062955885928,1.0,0.3262759227172874,0.2,4000,1.5
SV209,raw,Averaging,mll,83.18659246448246,173.07759928392903,0.9940719158382848,1.0,0.3852863387496713,0.2,4000,1.5
SV209,raw,Selection,mll,83.18659246448246,173.07759928392903,0.9940719158382848,1.0,0.3852863387496713,0.2,4000,1.5
SV209,raw,Matching,mll,83.18659246448246,173.07759928392903,0.9940719158382848,1.0,0.3852863387496713,0.2,4000,1.5
SV210,raw,Averaging,mll,40.31678793002544,87.33799021501497,0.993552822914918,1.0,0.4131442409024906,0.2,4000,1.5
SV210,raw,Selection,mll,40.31678793002544,87.33799021501497,0.993552822914918,1.0,0.4131442409024906,0.2,4000,1.5
SV210,raw,Matching,mll,40.31678793002544,87.33799021501497,0.993552822914918,1.0,0.4131442409024906,0.2,4000,1.5
SV211,raw,Averaging,mll,134.46375993372988,275.63193422242387,0.9233761446196352,1.0,0.2316976338564319,0.2,4000,1.5
SV211,raw,Selection,mll,134.46375993372988,275.63193422242387,0.9233761446196352,1.0,0.2316976338564319,0.2,4000,1.5
SV211,raw,Matching,mll,134.46375993372988,275.63193422242387,0.9233761446196352,1.0,0.2316976338564319,0.2,4000,1.5
SV212,raw,Averaging,mll,142.30374199508117,291.31189834512645,0.8283482630097375,1.0,0.2024732761381207,0.2,4000,1.5
SV212,raw,Selection,mll,142.30374199508117,291.31189834512645,0.8283482630097375,1.0,0.2024732761381207,0.2,4000,1.5
SV212,raw,Matching,mll,142.30374199508117,291.31189834512645,0.8283482630097375,1.0,0.2024732761381207,0.2,4000,1.5
SV101,visible,Averaging,mll,38.72154834216229,84.1049514248699,0.995766759043067,1.0,0.3666001655543836,0.2,4000,1.5
SV101,visible,Selection,mll,38.72154834216229,84.1049514248699,0.995766759043067,1.0,0.3666001655543836,0.2,4000,1.5
SV101,visible,Matching,mll,38.72154834216229,84.1049514248699,0.995766759043067,1.0,0.3666001655543836,0.2,4000,1.5
SV102,visible,Averaging,mll,243.89907650012933,494.5025673552228,0.9802890454579768,1.0,0.3783518994410342,0.2,4000,1.5
SV102,visible,Selection,mll,243.89907650012933,494.5025673552228,0.9802890454579768,1.0,0.3783518994410342,0.2,4000,1.5
SV102,visible,Matching,mll,243.89907650012933,494.5025673552228,0.9802890454579768,1.0,0.3783518994410342,0.2,4000,1.5
SV104,visible,Averaging,mll,217.2496247675706,441.1611042756865,0.8407710221308196,1.0,0.2088349373030538,0.2,4000,1.5
SV104,visible,Selection,mll,217.2496247675706,441.1611042756865,0.8407710221308196,1.0,0.2088349373030538,0.2,4000,1.5
SV104,visible,Matching,mll,217.2496247675706,441.1611042756865,0.8407710221308196,1.0,0.2088349373030538,0.2,4000,1.5
SV105,visible,Averaging,mll,188.94977241562248,384.5613995717903,0.897213003848031,1.0,0.2246712553814411,0.2,4000,1.5
SV105,visible,Selection,mll,188.94977241562248,384.5613995717903,0.897213003848031,1.0,0.2246712553814411,0.2,4000,1.5
SV105,visible,Matching,mll,188.94977241562248,384.5613995717903,0.897213003848031,1.0,0.2246712553814411,0.2,4000,1.5
SV106,visible,Averaging,mll,49.97238273475944,106.60662021006418,0.9950547109323532,1.0,0.3860195374525986,0.2,4000,1.5
SV106,visible,Selection,mll,49.97238273475944,106.60662021006418,0.9950547109323532,1.0,0.3860195374525986,0.2,4000,1.5
SV106,visible,Matching,mll,49.97238273475944,106.60662021006418,0.9950547109323532,1.0,0.3860195374525986,0.2,4000,1.5
SV107,visible,Averaging,mll,141.90215622654847,290.50872680806106,0.8748155788582517,1.0,0.214118841421024,0.2,4000,1.5
SV107,visible,Selection,mll,141.90215622654847,290.50872680806106,0.8748155788582517,1.0,0.214118841421024,0.2,4000,1.5
SV107,visible,Matching,mll,141.90215622654847,290.50872680806106,0.8748155788582517,1.0,0.214118841421024,0.2,4000,1.5
SV108,visible,Averaging,mll,141.65175636505194,289.98687367587013,0.8121543877309166,1.0,0.198667984282211,0.2,4000,1.5
SV108,visible,Selection,mll,141.65175636505194,289.98687367587013,0.8121543877309166,1.0,0.198667984282211,0.2,4000,1.5
SV108,visible,Matching,mll,141.65175636505194,289.98687367587013,0.8121543877309166,1.0,0.198667984282211,0.2,4000,1.5
SV109,visible,Averaging,mll,258.1527485160948,523.0099113871537,0.7983080432010026,1.0,0.2001246712941757,0.2,4000,1.5
SV109,visible,Selection,mll,258.1527485160948,523.0099113871537,0.7983080432010026,1.0,0.2001246712941757,0.2,4000,1.5
SV109,visible,Matching,mll,258.1527485160948,523.0099113871537,0.7983080432010026,1.0,0.2001246712941757,0.2,4000,1.5
SV121,visible,Averaging,mll,57.09240472377264,120.86817039331154,0.9957503582551744,1.0,0.3669444208682213,0.2,4000,1.5
SV121,visible,Selection,mll,57.09240472377264,120.86817039331154,0.9957503582551744,1.0,0.3669444208682213,0.2,4000,1.5
SV121,visible,Matching,mll,57.09240472377264,120.86817039331154,0.9957503582551744,1.0,0.3669444208682213,0.2,4000,1.5
SV207,visible,Averaging,mll,159.4668640826975,325.6381425203591,0.8147660162817951,1.0,0.2003715378370212,0.2,4000,1.5
SV207,visible,Selection,mll,159.4668640826975,325.6381425203591,0.8147660162817951,1.0,0.2003715378370212,0.2,4000,1.5
SV207,visible,Matching,mll,159.4668640826975,325.6381425203591,0.8147660162817951,1.0,0.2003715378370212,0.2,4000,1.5
SV208,visible,Averaging,mll,142.20542405373763,291.1152624624394,0.9923062955885928,1.0,0.3262759227172874,0.2,4000,1.5
SV208,visible,Selection,mll,142.20542405373763,291.1152624624394,0.9923062955885928,1.0,0.3262759227172874,0.2,4000,1.5
SV208,visible,Matching,mll,142.20542405373763,291.1152624624394,0.9923062955885928,1.0,0.3262759227172874,0.2,4000,1.5
SV209,visible,Averaging,mll,83.18659246448246,173.07759928392903,0.9940719158382848,1.0,0.3852863387496713,0.2,4000,1.5
SV209,visible,Selection,mll,83.18659246448246,173.07759928392903,0.9940719158382848,1.0,0.3852863387496713,0.2,4000,1.5
SV209,visible,Matching,mll,83.18659246448246,173.07759928392903,0.9940719158382848,1.0,0.3852863387496713,0.2,4000,1.5
SV210,visible,Averaging,mll,40.31678793002544,87.33799021501497,0.993552822914918,1.0,0.4131442409024906,0.2,4000,1.5
SV210,visible,Selection,mll,40.31678793002544,87.33799021501497,0.993552822914918,1.0,0.4131442409024906,0.2,4000,1.5
SV210,visible,Matching,mll,40.31678793002544,87.33799021501497,0.993552822914918,1.0,0.4131442409024906,0.2,4000,1.5
SV211,visible,Averaging,mll,134.46375993372988,275.63193422242387,0.9233761446196352,1.0,0.2316976338564319,0.2,4000,1.5
SV211,visible,Selection,mll,134.46375993372988,275.63193422242387,0.9233761446196352,1.0,0.2316976338564319,0.2,4000,1.5
SV211,visible,Matching,mll,134.46375993372988,275.63193422242387,0.9233761446196352,1.0,0.2316976338564319,0.2,4000,1.5
SV212,visible,Averaging,mll,142.30374199508117,291.31189834512645,0.8283482630097375,1.0,0.2024732761381207,0.2,4000,1.5
SV212,visible,Selection,mll,142.30374199508117,291.31189834512645,0.8283482630097375,1.0,0.2024732761381207,0.2,4000,1.5
SV212,visible,Matching,mll,142.30374199508117,291.31189834512645,0.8283482630097375,1.0,0.2024732761381207,0.2,4000,1.5
SV101,invisible,Averaging,mll,32.139863534561144,67.80608759373845,0.4903816376255668,1.0,0.9446401201229182,0.2,4000,1.5
SV101,invisible,Selection,mll,32.139863534561144,67.80608759373845,0.4903816376255668,1.0,0.9446401201229182,0.2,4000,1.5
SV101,invisible,Matching,mll,32.139863534561144,67.80608759373845,0.4903816376255668,1.0,0.9446401201229182,0.2,4000,1.5
SV104,invisible,Averaging,mll,37.47435369589755,78.47506791641126,0.2236090910056437,1.0,0.2123517916541239,0.2,4000,1.5
SV104,invisible,Selection,mll,37.47435369589755,78.47506791641126,0.2236090910056437,1.0,0.2123517916541239,0.2,4000,1.5
SV104,invisible,Matching,mll,37.47435369589755,78.47506791641126,0.2236090910056437,1.0,0.2123517916541239,0.2,4000,1.5
SV105,invisible,Averaging,mll,29.01802893617738,61.56241839697092,0.2771235292880069,1.0,0.605633480895137,0.2,4000,1.5
SV105,invisible,Selection,mll,29.01802893617738,61.56241839697092,0.2771235292880069,1.0,0.605633480895137,0.2,4000,1.5
SV105,invisible,Matching,mll,29.01802893617738,61.56241839697092,0.2771235292880069,1.0,0.605633480895137,0.2,4000,1.5
SV106,invisible,Averaging,mll,42.01398629074463,87.55433310610543,0.6599158744240502,1.0,0.605480395228492,0.2,4000,1.5
SV106,invisible,Selection,mll,42.01398629074463,87.55433310610543,0.6599158744240502,1.0,0.605480395228492,0.2,4000,1.5
SV106,invisible,Matching,mll,42.01398629074463,87.55433310610543,0.6599158744240502,1.0,0.605480395228492,0.2,4000,1.5
SV108,invisible,Averaging,mll,16.04971467132365,34.93264268670352,0.2483338280826141,1.0,0.9488369378609556,0.2,4000,1.5
SV108,invisible,Selection,mll,16.04971467132365,34.93264268670352,0.2483338280826141,1.0,0.9488369378609556,0.2,4000,1.5
SV108,invisible,Matching,mll,16.04971467132365,34.93264268670352,0.2483338280826141,1.0,0.9488369378609556,0.2,4000,1.5
SV121,invisible,Averaging,mll,16.04971467132365,34.93264268670352,0.2483338280826141,1.0,0.9488369378609556,0.2,4000,1.5
SV121,invisible,Selection,mll,16.04971467132365,34.93264268670352,0.2483338280826141,1.0,0.9488369378609556,0.2,4000,1.5
SV121,invisible,Matching,mll,16.04971467132365,34.93264268670352,0.2483338280826141,1.0,0.9488369378609556,0.2,4000,1.5
SV101,5,Averaging,mll,15.737998603915448,37.081799274126894,0.9960139256358864,1.0,0.3610091026442937,0.2,4000,1.5
SV101,5,Selection,mll,15.737998603915448,37.081799274126894,0.9960139256358864,1.0,0.3610091026442937,0.2,4000,1.5
SV101,5,Matching,mll,15.737998603915448,37.081799274126894,0.9960139256358864,1.0,0.3610091026442937,0.2,4000,1.5
SV102,5,Averaging,mll,53.60146302278572,112.80872811186742,0.9893543857254468,1.0,0.3395490347191228,0.2,4000,1.5
SV102,5,Selection,mll,53.60146302278572,112.80872811186742,0.9893543857254468,1.0,0.3395490347191228,0.2,4000,1.5
SV102,5,Matching,mll,53.60146302278572,112.80872811186742,0.9893543857254468,1.0,0.3395490347191228,0.2,4000,1.5
SV104,5,Averaging,mll,79.45181008988953,164.50942224607508,0.8228166310418049,1.0,0.204298396889255,0.2,4000,1.5
SV104,5,Selection,mll,79.45181008988953,164.50942224607508,0.8228166310418049,1.0,0.204298396889255,0.2,4000,1.5
SV104,5,Matching,mll,79.45181008988953,164.50942224607508,0.8228166310418049,1.0,0.204298396889255,0.2,4000,1.5
SV105,5,Averaging,mll,66.35831289910446,138.32242786450493,0.8742735101733032,1.0,0.2163702605001615,0.2,4000,1.5
SV105,5,Selection,mll,66.35831289910446,138.32242786450493,0.8742735101733032,1.0,0.2163702605001615,0.2,4000,1.5
SV105,5,Matching,mll,66.35831289910446,138.32242786450493,0.8742735101733032,1.0,0.2163702605001615,0.2,4000,1.5
SV106,5,Averaging,mll,8.789765094626949,23.18533225554989,0.994565985204996,1.0,0.3946549203389883,0.2,4000,1.5
SV106,5,Selection,mll,8.789765094626949,23.18533225554989,0.994565985204996,1.0,0.3946549203389883,0.2,4000,1.5
SV106,5,Matching,mll,8.789765094626949,23.18533225554989,0.994565985204996,1.0,0.3946549203389883,0.2,4000,1.5
SV107,5,Averaging,mll,45.67920802553999,96.96421811737598,0.8847512786509942,1.0,0.2192663666817265,0.2,4000,1.5
SV107,5,Selection,mll,45.67920802553999,96.96421811737598,0.8847512786509942,1.0,0.2192663666817265,0.2,4000,1.5
SV107,5,Matching,mll,45.67920802553999,96.96421811737598,0.8847512786509942,1.0,0.2192663666817265,0.2,4000,1.5
SV108,5,Averaging,mll,47.491104654318335,100.58801137493266,0.8124854724988921,1.0,0.199279968205058,0.2,4000,1.5
SV108,5,Selection,mll,47.491104654318335,100.58801137493266,0.8124854724988921,1.0,0.199279968205058,0.2,4000,1.5
SV108,5,Matching,mll,47.491104654318335,100.58801137493266,0.8124854724988921,1.0,0.199279968205058,0.2,4000,1.5
SV109,5,Averaging,mll,67.90336252362852,141.41252711355304,0.8058213058296226,1.0,0.199315426650156,0.2,4000,1.5
SV109,5,Selection,mll,67.90336252362852,141.41252711355304,0.8058213058296226,1.0,0.199315426650156,0.2,4000,1.5
SV109,5,Matching,mll,67.90336252362852,141.41252711355304,0.8058213058296226,1.0,0.199315426650156,0.2,4000,1.5
SV121,5,Averaging,mll,13.35433814414613,32.31447835458826,0.995438596335624,1.0,0.38859880500344,0.2,4000,1.5
SV121,5,Selection,mll,13.35433814414613,32.31447835458826,0.995438596335624,1.0,0.38859880500344,0.2,4000,1.5
SV121,5,Matching,mll,13.35433814414613,32.31447835458826,0.995438596335624,1.0,0.38859880500344,0.2,4000,1.5
SV207,5,Averaging,mll,57.6914108438498,120.98862375399558,0.8094150491603257,1.0,0.1986766318139983,0.2,4000,1.5
SV207,5,Selection,mll,57.6914108438498,120.98862375399558,0.8094150491603257,1.0,0.1986766318139983,0.2,4000,1.5
SV207,5,Matching,mll,57.6914108438498,120.98862375399558,0.8094150491603257,1.0,0.1986766318139983,0.2,4000,1.5
SV208,5,Averaging,mll,22.14233119132524,49.89046444894648,0.99502414571354,1.0,0.3258598248768138,0.2,4000,1.5
SV208,5,Selection,mll,22.14233119132524,49.89046444894648,0.99502414571354,1.0,0.3258598248768138,0.2,4000,1.5
SV208,5,Matching,mll,22.14233119132524,49.89046444894648,0.99502414571354,1.0,0.3258598248768138,0.2,4000,1.5
SV209,5,Averaging,mll,30.493132238932475,66.59206654416094,0.9939703405887992,1.0,0.383783563697179,0.2,4000,1.5
SV209,5,Selection,mll,30.493132238932475,66.59206654416094,0.9939703405887992,1.0,0.383783563697179,0.2,4000,1.5
SV209,5,Matching,mll,30.493132238932475,66.59206654416094,0.9939703405887992,1.0,0.383783563697179,0.2,4000,1.5
SV210,5,Averaging,mll,24.561825358672458,54.72945278364092,0.9920639297053452,1.0,0.4132454521268792,0.2,4000,1.5
SV210,5,Selection,mll,24.561825358672458,54.72945278364092,0.9920639297053452,1.0,0.4132454521268792,0.2,4000,1.5
SV210,5,Matching,mll,24.561825358672458,54.72945278364092,0.9920639297053452,1.0,0.4132454521268792,0.2,4000,1.5
SV211,5,Averaging,mll,46.549594058090605,98.7049901824772,0.9176204639973172,1.0,0.2303121867809704,0.2,4000,1.5
SV211,5,Selection,mll,46.549594058090605,98.7049901824772,0.9176204639973172,1.0,0.2303121867809704,0.2,4000,1.5
SV211,5,Matching,mll,46.549594058090605,98.7049901824772,0.9176204639973172,1.0,0.2303121867809704,0.2,4000,1.5
SV212,5,Averaging,mll,47.46978449396703,100.54537105423005,0.8238648519996383,1.0,0.2013288964197831,0.2,4000,1.5
SV212,5,Selection,mll,47.46978449396703,100.54537105423005,0.8238648519996383,1.0,0.2013288964197831,0.2,4000,1.5
SV212,5,Matching,mll,47.46978449396703,100.54537105423005,0.8238648519996383,1.0,0.2013288964197831,0.2,4000,1.5
SV101,10,Averaging,mll,11.890902857123628,29.38760778054325,0.9953074245939932,1.0,0.3852791333161786,0.2,4000,1.5
SV101,10,Selection,mll,11.890902857123628,29.38760778054325,0.9953074245939932,1.0,0.3852791333161786,0.2,4000,1.5
SV101,10,Matching,mll,11.890902857123628,29.38760778054325,0.9953074245939932,1.0,0.3852791333161786,0.2,4000,1.5
SV102,10,Averaging,mll,66.50615955471362,138.61812117572325,0.9877126894068186,1.0,0.3851789275912283,0.2,4000,1.5
SV102,10,Selection,mll,66.50615955471362,138.61812117572325,0.9877126894068186,1.0,0.3851789275912283,0.2,4000,1.5
SV102,10,Matching,mll,66.50615955471362,138.61812117572325,0.9877126894068186,1.0,0.3851789275912283,0.2,4000,1.5
SV104,10,Averaging,mll,66.53383382247668,138.67346971124937,0.8434362677831744,1.0,0.2073927936644218,0.2,4000,1.5
SV104,10,Selection,mll,66.53383382247668,138.67346971124937,0.8434362677831744,1.0,0.2073927936644218,0.2,4000,1.5
SV104,10,Matching,mll,66.53383382247668,138.67346971124937,0.8434362677831744,1.0,0.2073927936644218,0.2,4000,1.5
SV105,10,Averaging,mll,51.92769378773343,109.46118964176286,0.8922229056789859,1.0,0.2211971038548555,0.2,4000,1.5
SV105,10,Selection,mll,51.92769378773343,109.46118964176286,0.8922229056789859,1.0,0.2211971038548555,0.2,4000,1.5
SV105,10,Matching,mll,51.92769378773343,109.46118964176286,0.8922229056789859,1.0,0.2211971038548555,0.2,4000,1.5
SV106,10,Averaging,mll,14.600967635326077,34.80773733694815,0.9957949774605294,1.0,0.3539208218385838,0.2,4000,1.5
SV106,10,Selection,mll,14.600967635326077,34.80773733694815,0.9957949774605294,1.0,0.3539208218385838,0.2,4000,1.5
SV106,10,Matching,mll,14.600967635326077,34.80773733694815,0.9957949774605294,1.0,0.3539208218385838,0.2,4000,1.5
SV107,10,Averaging,mll,45.95064857026493,97.50709920682586,0.8794171107574137,1.0,0.2160712187863685,0.2,4000,1.5
SV107,10,Selection,mll,45.95064857026493,97.50709920682586,0.8794171107574137,1.0,0.2160712187863685,0.2,4000,1.5
SV107,10,Matching,mll,45.95064857026493,97.50709920682586,0.8794171107574137,1.0,0.2160712187863685,0.2,4000,1.5
SV108,10,Averaging,mll,47.491104654318605,100.5880113749332,0.812485472498871,1.0,0.1992799682050559,0.2,4000,1.5
SV108,10,Selection,mll,47.491104654318605,100.5880113749332,0.812485472498871,1.0,0.1992799682050559,0.2,4000,1.5
SV108,10,Matching,mll,47.491104654318605,100.5880113749332,0.812485472498871,1.0,0.1992799682050559,0.2,4000,1.5
SV109,10,Averaging,mll,71.30482181028094,148.2154456868579,0.8067369322328783,1.0,0.2002018729142545,0.2,4000,1.5
SV109,10,Selection,mll,71.30482181028094,148.2154456868579,0.8067369322328783,1.0,0.2002018729142545,0.2,4000,1.5
SV109,10,Matching,mll,71.30482181028094,148.2154456868579,0.8067369322328783,1.0,0.2002018729142545,0.2,4000,1.5
SV121,10,Averaging,mll,12.3773626907618,30.3605274478196,0.995639949093262,1.0,0.3669191236719222,0.2,4000,1.5
SV121,10,Selection,mll,12.3773626907618,30.3605274478196,0.995639949093262,1.0,0.3669191236719222,0.2,4000,1.5
SV121,10,Matching,mll,12.3773626907618,30.3605274478196,0.995639949093262,1.0,0.3669191236719222,0.2,4000,1.5
SV207,10,Averaging,mll,50.884724442760415,107.37525095181682,0.8173346671399095,1.0,0.2003589246508428,0.2,4000,1.5
SV207,10,Selection,mll,50.884724442760415,107.37525095181682,0.8173346671399095,1.0,0.2003589246508428,0.2,4000,1.5
SV207,10,Matching,mll,50.884724442760415,107.37525095181682,0.8173346671399095,1.0,0.2003589246508428,0.2,4000,1.5
SV208,10,Averaging,mll,70.99223570435646,147.59027347500893,0.987228824566359,1.0,0.3367851049228507,0.2,4000,1.5
SV208,10,Selection,mll,70.99223570435646,147.59027347500893,0.987228824566359,1.0,0.3367851049228507,0.2,4000,1.5
SV208,10,Matching,mll,70.99223570435646,147.59027347500893,0.987228824566359,1.0,0.3367851049228507,0.2,4000,1.5
SV209,10,Averaging,mll,24.59944644012479,54.80469494654558,0.9937875528575064,1.0,0.3886323011296625,0.2,4000,1.5
SV209,10,Selection,mll,24.59944644012479,54.80469494654558,0.9937875528575064,1.0,0.3886323011296625,0.2,4000,1.5
SV209,10,Matching,mll,24.59944644012479,54.80469494654558,0.9937875528575064,1.0,0.3886323011296625,0.2,4000,1.5
SV210,10,Averaging,mll,7.549711416620882,20.70522489953776,0.9937031500000434,1.0,0.4132454521268784,0.2,4000,1.5
SV210,10,Selection,mll,7.549711416620882,20.70522489953776,0.9937031500000434,1.0,0.4132454521268784,0.2,4000,1.5
SV210,10,Matching,mll,7.549711416620882,20.70522489953776,0.9937031500000434,1.0,0.4132454521268784,0.2,4000,1.5
SV211,10,Averaging,mll,43.15486001164139,91.91552208957876,0.9180162876045356,1.0,0.2300325510472158,0.2,4000,1.5
SV211,10,Selection,mll,43.15486001164139,91.91552208957876,0.9180162876045356,1.0,0.2300325510472158,0.2,4000,1.5
SV211,10,Matching,mll,43.15486001164139,91.91552208957876,0.9180162876045356,1.0,0.2300325510472158,0.2,4000,1.5
SV212,10,Averaging,mll,47.35009934334522,100.30600075298644,0.8352696712912127,1.0,0.2047198121650188,0.2,4000,1.5
SV212,10,Selection,mll,47.35009934334522,100.30600075298644,0.8352696712912127,1.0,0.2047198121650188,0.2,4000,1.5
SV212,10,Matching,mll,47.35009934334522,100.30600075298644,0.8352696712912127,1.0,0.2047198121650188,0.2,4000,1.5
SV101,15,Averaging,mll,46.58602588835582,98.77785384300763,0.9937344894570416,1.0,0.3891949127036881,0.2,4000,1.5
SV101,15,Selection,mll,46.58602588835582,98.77785384300763,0.9937344894570416,1.0,0.3891949127036881,0.2,4000,1.5
SV101,15,Matching,mll,46.58602588835582,98.77785384300763,0.9937344894570416,1.0,0.3891949127036881,0.2,4000,1.5
SV102,15,Averaging,mll,123.41652111819576,252.4388443026876,0.9514240884138672,1.0,0.3858941786431114,0.2,4000,1.5
SV102,15,Selection,mll,123.41652111819576,252.4388443026876,0.9514240884138672,1.0,0.3858941786431114,0.2,4000,1.5
SV102,15,Matching,mll,123.41652111819576,252.4388443026876,0.9514240884138672,1.0,0.3858941786431114,0.2,4000,1.5
SV104,15,Averaging,mll,114.39400479891164,234.39381166411928,0.8447896186216208,1.0,0.2135679173090592,0.2,4000,1.5
SV104,15,Selection,mll,114.39400479891164,234.39381166411928,0.8447896186216208,1.0,0.2135679173090592,0.2,4000,1.5
SV104,15,Matching,mll,114.39400479891164,234.39381166411928,0.8447896186216208,1.0,0.2135679173090592,0.2,4000,1.5
SV105,15,Averaging,mll,109.08889875582824,223.7835995779525,0.9157177473784452,1.0,0.2360346441659618,0.2,4000,1.5
SV105,15,Selection,mll,109.08889875582824,223.7835995779525,0.9157177473784452,1.0,0.2360346441659618,0.2,4000,1.5
SV105,15,Matching,mll,109.08889875582824,223.7835995779525,0.9157177473784452,1.0,0.2360346441659618,0.2,4000,1.5
SV106,15,Averaging,mll,71.76400206688194,149.1338062000599,0.988311703636517,1.0,0.3895099316699319,0.2,4000,1.5
SV106,15,Selection,mll,71.76400206688194,149.1338062000599,0.988311703636517,1.0,0.3895099316699319,0.2,4000,1.5
SV106,15,Matching,mll,71.76400206688194,149.1338062000599,0.988311703636517,1.0,0.3895099316699319,0.2,4000,1.5
SV107,15,Averaging,mll,50.15200552759407,105.90981312148412,0.8592620693469549,1.0,0.2101871880566358,0.2,4000,1.5
SV107,15,Selection,mll,50.15200552759407,105.90981312148412,0.8592620693469549,1.0,0.2101871880566358,0.2,4000,1.5
SV107,15,Matching,mll,50.15200552759407,105.90981312148412,0.8592620693469549,1.0,0.2101871880566358,0.2,4000,1.5
SV108,15,Averaging,mll,67.89228739877814,141.39037686385228,0.8054616635906631,1.0,0.199318036095825,0.2,4000,1.5
SV108,15,Selection,mll,67.89228739877814,141.39037686385228,0.8054616635906631,1.0,0.199318036095825,0.2,4000,1.5
SV108,15,Matching,mll,67.89228739877814,141.39037686385228,0.8054616635906631,1.0,0.199318036095825,0.2,4000,1.5
SV109,15,Averaging,mll,118.9409628400266,243.4877277463492,0.773932528108522,1.0,0.2002148714978971,0.2,4000,1.5
SV109,15,Selection,mll,118.9409628400266,243.4877277463492,0.773932528108522,1.0,0.2002148714978971,0.2,4000,1.5
SV109,15,Matching,mll,118.9409628400266,243.4877277463492,0.773932528108522,1.0,0.2002148714978971,0.2,4000,1.5
SV121,15,Averaging,mll,50.43587912165907,106.47756030961412,0.9934303327147952,1.0,0.3436717516383359,0.2,4000,1.5
SV121,15,Selection,mll,50.43587912165907,106.47756030961412,0.9934303327147952,1.0,0.3436717516383359,0.2,4000,1.5
SV121,15,Matching,mll,50.43587912165907,106.47756030961412,0.9934303327147952,1.0,0.3436717516383359,0.2,4000,1.5
SV207,15,Averaging,mll,50.88532092588539,107.37644391806676,0.8172961492981556,1.0,0.2003430144853359,0.2,4000,1.5
SV207,15,Selection,mll,50.88532092588539,107.37644391806676,0.8172961492981556,1.0,0.2003430144853359,0.2,4000,1.5
SV207,15,Matching,mll,50.88532092588539,107.37644391806676,0.8172961492981556,1.0,0.2003430144853359,0.2,4000,1.5
SV208,15,Averaging,mll,48.475235359855205,102.5562727860064,0.9885243204909986,1.0,0.2989701103660702,0.2,4000,1.5
SV208,15,Selection,mll,48.475235359855205,102.5562727860064,0.9885243204909986,1.0,0.2989701103660702,0.2,4000,1.5
SV208,15,Matching,mll,48.475235359855205,102.5562727860064,0.9885243204909986,1.0,0.2989701103660702,0.2,4000,1.5
SV209,15,Averaging,mll,28.09291283778503,61.79162774186606,0.994176264626971,1.0,0.3882231410982762,0.2,4000,1.5
SV209,15,Selection,mll,28.09291283778503,61.79162774186606,0.994176264626971,1.0,0.3882231410982762,0.2,4000,1.5
SV209,15,Matching,mll,28.09291283778503,61.79162774186606,0.994176264626971,1.0,0.3882231410982762,0.2,4000,1.5
SV210,15,Averaging,mll,8.187797322227317,21.98139671075063,0.9942291505827252,1.0,0.40061032874584,0.2,4000,1.5
SV210,15,Selection,mll,8.187797322227317,21.98139671075063,0.9942291505827252,1.0,0.40061032874584,0.2,4000,1.5
SV210,15,Matching,mll,8.187797322227317,21.98139671075063,0.9942291505827252,1.0,0.40061032874584,0.2,4000,1.5
SV211,15,Averaging,mll,44.65472513835596,94.91525234300792,0.9341538412556856,1.0,0.2376389421365802,0.2,4000,1.5
SV211,15,Selection,mll,44.65472513835596,94.91525234300792,0.9341538412556856,1.0,0.2376389421365802,0.2,4000,1.5
SV211,15,Matching,mll,44.65472513835596,94.91525234300792,0.9341538412556856,1.0,0.2376389421365802,0.2,4000,1.5
SV212,15,Averaging,mll,47.45620674888493,100.51821556406584,0.8258595869841243,1.0,0.2018994501822485,0.2,4000,1.5
SV212,15,Selection,mll,47.45620674888493,100.51821556406584,0.8258595869841243,1.0,0.2018994501822485,0.2,4000,1.5
SV212,15,Matching,mll,47.45620674888493,100.51821556406584,0.8258595869841243,1.0,0.2018994501822485,0.2,4000,1.5
SV213,raw,Averaging,mll,89.42240018697912,185.54921472892235,0.995067536921722,1.0,0.3394378763335837,0.2,4000,1.5
SV213,raw,Selection,mll,89.42240018697912,185.54921472892235,0.995067536921722,1.0,0.3394378763335837,0.2,4000,1.5
SV213,raw,Matching,mll,89.42240018697912,185.54921472892235,0.995067536921722,1.0,0.3394378763335837,0.2,4000,1.5
SV213,visible,Averaging,mll,89.42240018697912,185.54921472892235,0.995067536921722,1.0,0.3394378763335837,0.2,4000,1.5
SV213,visible,Selection,mll,89.42240018697912,185.54921472892235,0.995067536921722,1.0,0.3394378763335837,0.2,4000,1.5
SV213,visible,Matching,mll,89.42240018697912,185.54921472892235,0.995067536921722,1.0,0.3394378763335837,0.2,4000,1.5
SV213,5,Averaging,mll,53.64351718061226,112.89283642752052,0.9893552112980945,1.0,0.339227033384929,0.2,4000,1.5
SV213,5,Selection,mll,53.64351718061226,112.89283642752052,0.9893552112980945,1.0,0.339227033384929,0.2,4000,1.5
SV213,5,Matching,mll,53.64351718061226,112.89283642752052,0.9893552112980945,1.0,0.339227033384929,0.2,4000,1.5
SV213,10,Averaging,mll,16.731411121231147,39.068624308758295,0.9955289288486692,1.0,0.3399308175397738,0.2,4000,1.5
SV213,10,Selection,mll,16.731411121231147,39.068624308758295,0.9955289288486692,1.0,0.3399308175397738,0.2,4000,1.5
SV213,10,Matching,mll,16.731411121231147,39.068624308758295,0.9955289288486692,1.0,0.3399308175397738,0.2,4000,1.5
SV213,15,Averaging,mll,19.05137727451609,43.708556615328185,0.995960316892602,1.0,0.3393544588435732,0.2,4000,1.5
SV213,15,Selection,mll,19.05137727451609,43.708556615328185,0.995960316892602,1.0,0.3393544588435732,0.2,4000,1.5
SV213,15,Matching,mll,19.05137727451609,43.708556615328185,0.995960316892602,1.0,0.3393544588435732,0.2,4000,1.5
SV214,raw,Averaging,mll,145.76970831127412,298.24383097751235,0.8255316515996735,1.0,0.2019206007293779,0.2,4000,1.5
SV214,raw,Selection,mll,145.76970831127412,298.24383097751235,0.8255316515996735,1.0,0.2019206007293779,0.2,4000,1.5
SV214,raw,Matching,mll,145.76970831127412,298.24383097751235,0.8255316515996735,1.0,0.2019206007293779,0.2,4000,1.5
SV214,visible,Averaging,mll,145.76970831127412,298.24383097751235,0.8255316515996735,1.0,0.2019206007293779,0.2,4000,1.5
SV214,visible,Selection,mll,145.76970831127412,298.24383097751235,0.8255316515996735,1.0,0.2019206007293779,0.2,4000,1.5
SV214,visible,Matching,mll,145.76970831127412,298.24383097751235,0.8255316515996735,1.0,0.2019206007293779,0.2,4000,1.5
SV214,5,Averaging,mll,50.856682489835336,107.31916704596668,0.824922908267022,1.0,0.2019243129529847,0.2,4000,1.5
SV214,5,Selection,mll,50.856682489835336,107.31916704596668,0.824922908267022,1.0,0.2019243129529847,0.2,4000,1.5
SV214,5,Matching,mll,50.856682489835336,107.31916704596668,0.824922908267022,1.0,0.2019243129529847,0.2,4000,1.5
SV214,10,Averaging,mll,47.46978449396704,100.54537105423007,0.8238648519996569,1.0,0.201328896419783,0.2,4000,1.5
SV214,10,Selection,mll,47.46978449396704,100.54537105423007,0.8238648519996569,1.0,0.201328896419783,0.2,4000,1.5
SV214,10,Matching,mll,47.46978449396704,100.54537105423007,0.8238648519996569,1.0,0.201328896419783,0.2,4000,1.5
SV214,15,Averaging,mll,47.442268976062856,100.4903400184217,0.8277340912815878,1.0,0.2019316637256286,0.2,4000,1.5
SV214,15,Selection,mll,47.442268976062856,100.4903400184217,0.8277340912815878,1.0,0.2019316637256286,0.2,4000,1.5
SV214,15,Matching,mll,47.442268976062856,100.4903400184217,0.8277340912815878,1.0,0.2019316637256286,0.2,4000,1.5
SV215,raw,Averaging,mll,199.20153765171526,405.1074896583946,0.9857595252954768,1.0,0.29628707241951224,0.2,4000,1.5
SV215,raw,Selection,mll,199.20153765171526,405.1074896583946,0.9857595252954768,1.0,0.29628707241951224,0.2,4000,1.5
SV215,raw,Matching,mll,199.20153765171526,405.1074896583946,0.9857595252954768,1.0,0.29628707241951224,0.2,4000,1.5
SV216,raw,Averaging,mll,124.49196820863014,255.6883507722244,0.9478024735156481,1.0,0.24400525437764162,0.2,4000,1.5
SV216,raw,Selection,mll,124.49196820863014,255.6883507722244,0.9478024735156481,1.0,0.24400525437764162,0.2,4000,1.5
SV216,raw,Matching,mll,124.49196820863014,255.6883507722244,0.9478024735156481,1.0,0.24400525437764162,0.2,4000,1.5
SV215,visible,Averaging,mll,179.3463361247854,365.3760331953371,0.9870231836129343,1.0,0.2964712131583958,0.2,4000,1.5
SV215,visible,Selection,mll,179.3463361247854,365.3760331953371,0.9870231836129343,1.0,0.2964712131583958,0.2,4000,1.5
SV215,visible,Matching,mll,179.3463361247854,365.3760331953371,0.9870231836129343,1.0,0.2964712131583958,0.2,4000,1.5
SV216,visible,Averaging,mll,124.49196820863014,255.6883507722244,0.9478024735156481,1.0,0.24400525437764162,0.2,4000,1.5
SV216,visible,Selection,mll,124.49196820863014,255.6883507722244,0.9478024735156481,1.0,0.24400525437764162,0.2,4000,1.5
SV216,visible,Matching,mll,124.49196820863014,255.6883507722244,0.9478024735156481,1.0,0.24400525437764162,0.2,4000,1.5
SV215,invisible,Averaging,mll,16.06993176711905,34.97307687829432,0.4903816376040695,1.0,0.9446401201223363,0.2,4000,1.5
SV215,invisible,Selection,mll,16.06993176711905,34.97307687829432,0.4903816376040695,1.0,0.9446401201223363,0.2,4000,1.5
SV215,invisible,Matching,mll,16.06993176711905,34.97307687829432,0.4903816376040695,1.0,0.9446401201223363,0.2,4000,1.5
SV215,5,Averaging,mll,79.97942459870774,165.56465126371148,0.9808327039069643,1.0,0.29395367839199577,0.2,4000,1.5
SV215,5,Selection,mll,79.97942459870774,165.56465126371148,0.9808327039069643,1.0,0.29395367839199577,0.2,4000,1.5
SV215,5,Matching,mll,79.97942459870774,165.56465126371148,0.9808327039069643,1.0,0.29395367839199577,0.2,4000,1.5
SV216,5,Averaging,mll,39.88225507671941,85.37031221973481,0.9440621585433966,1.0,0.24225353625896878,0.2,4000,1.5
SV216,5,Selection,mll,39.88225507671941,85.37031221973481,0.9440621585433966,1.0,0.24225353625896878,0.2,4000,1.5
SV216,5,Matching,mll,39.88225507671941,85.37031221973481,0.9440621585433966,1.0,0.24225353625896878,0.2,4000,1.5
SV215,10,Averaging,mll,62.72189065178222,131.04958336986044,0.9862173414352227,1.0,0.295918472839211,0.2,4000,1.5
SV215,10,Selection,mll,62.72189065178222,131.04958336986044,0.9862173414352227,1.0,0.295918472839211,0.2,4000,1.5
SV215,10,Matching,mll,62.72189065178222,131.04958336986044,0.9862173414352227,1.0,0.295918472839211,0.2,4000,1.5
SV216,10,Averaging,mll,41.23765036492385,88.0811027961437,0.9552161641911023,1.0,0.24911010779812723,0.2,4000,1.5
SV216,10,Selection,mll,41.23765036492385,88.0811027961437,0.9552161641911023,1.0,0.24911010779812723,0.2,4000,1.5
SV216,10,Matching,mll,41.23765036492385,88.0811027961437,0.9552161641911023,1.0,0.24911010779812723,0.2,4000,1.5
SV215,15,Averaging,mll,56.1961104504851,117.9980229672662,0.9883368115710887,1.0,0.3073713501029948,0.2,4000,1.5
SV215,15,Selection,mll,56.1961104504851,117.9980229672662,0.9883368115710887,1.0,0.3073713501029948,0.2,4000,1.5
SV215,15,Matching,mll,56.1961104504851,117.9980229672662,0.9883368115710887,1.0,0.3073713501029948,0.2,4000,1.5
SV216,15,Averaging,mll,43.283539935802224,92.17288193790044,0.9437722054817251,1.0,0.24226758779859156,0.2,4000,1.5
SV216,15,Selection,mll,43.283539935802224,92.17288193790044,0.9437722054817251,1.0,0.24226758779859156,0.2,4000,1.5
SV216,15,Matching,mll,43.283539935802224,92.17288193790044,0.9437722054817251,1.0,0.24226758779859156,0.2,4000,1.5
