subject_id,location,strategy,fit_type,error,bic,r2,pcommon,sigma_v,sigma_a,sigma_p,mu_p,group,model
LV001,raw,Averaging,mll,653.3325741522408,1313.3695626594456,0.4499156213764641,1.0,0.1722057752789348,0.2,4000.0,1.5,Low Vision,mle
LV001,visible,Averaging,mll,45.29640601424482,96.13407557364808,0.9891018768125734,1.0,0.1729496164964812,0.2,4000.0,1.5,Low Vision,mle
LV001,invisible,Averaging,mll,598.941297022317,1204.2123149501567,-0.5468536598612626,1.0,0.161352042697478,0.2,4000.0,1.5,Low Vision,mle
LV001,5,Averaging,mll,58.12429482980242,121.85439172590084,0.981421183969968,1.0,0.172998953512158,0.2,4000.0,1.5,Low Vision,mle
LV001,10,Averaging,mll,268.87982227633165,543.3654466189593,-0.2883493382328148,1.0,0.0901703292866155,0.2,4000.0,1.5,Low Vision,mle
LV001,15,Averaging,mll,285.89193621838035,577.3896745030567,-0.3636726412640059,1.0,0.0901703292866155,0.2,4000.0,1.5,Low Vision,mle
LV002,raw,Averaging,mll,762.3157003252431,1531.3358150054505,0.5114505132939358,1.0,0.4837425347221298,0.2,4000.0,1.5,Low Vision,mle
LV002,visible,Averaging,mll,170.4245817913668,346.24732628425136,0.6719584627565878,1.0,0.4195296315500987,0.2,4000.0,1.5,Low Vision,mle
LV002,invisible,Averaging,mll,585.862773204236,1178.1141078140176,0.4273746808926683,1.0,0.6228165121975502,0.2,4000.0,1.5,Low Vision,mle
LV002,5,Averaging,mll,262.8003396502412,531.2064813667783,0.4849233651162795,1.0,0.6555374214980114,0.2,4000.0,1.5,Low Vision,mle
LV002,10,Averaging,mll,268.49426883475246,542.5943397358009,0.4814026809409154,1.0,0.4594888047388482,0.2,4000.0,1.5,Low Vision,mle
LV002,15,Averaging,mll,230.7795208083429,467.1648436829818,0.5694501019027729,1.0,0.4792420620130635,0.2,4000.0,1.5,Low Vision,mle
LV003,raw,Averaging,mll,274.60371547551154,555.9118453059872,0.926691372985796,1.0,0.3287075040197087,0.2,4000.0,1.5,Low Vision,mle
LV003,visible,Averaging,mll,29.327760268777,65.01509440622638,0.9955170268778788,1.0,0.3139762898921684,0.2,4000.0,1.5,Low Vision,mle
LV003,invisible,Averaging,mll,244.1815161987888,493.8353030712489,0.2071558075362474,1.0,0.2883243850559372,0.2,4000.0,1.5,Low Vision,mle
LV003,5,Averaging,mll,85.65643595124193,176.91867396877987,0.9391711609360288,1.0,0.3115847109744064,0.2,4000.0,1.5,Low Vision,mle
LV003,10,Averaging,mll,79.04711281051338,163.70002768732277,0.9480598540747944,1.0,0.3392302364154285,0.2,4000.0,1.5,Low Vision,mle
LV003,15,Averaging,mll,109.60485313807314,224.81550834244229,0.8864187277432173,1.0,0.3409749475158876,0.2,4000.0,1.5,Low Vision,mle
LV005,raw,Averaging,mll,395.25900891011287,797.2224321751899,0.8219277276567684,1.0,0.245985058671548,0.2,4000.0,1.5,Low Vision,mle
LV005,visible,Averaging,mll,105.78176954039424,217.76404825483115,0.981726386340922,1.0,0.2441366213159315,0.2,4000.0,1.5,Low Vision,mle
LV005,invisible,Averaging,mll,286.03241404196655,577.8424804071558,0.3405763741671668,1.0,0.2449168602689299,0.2,4000.0,1.5,Low Vision,mle
LV005,5,Averaging,mll,143.65815098637125,292.9221040390385,0.781043931040351,1.0,0.2581099397373977,0.2,4000.0,1.5,Low Vision,mle
LV005,10,Averaging,mll,130.7068948709893,267.0195918082746,0.8256687839459541,1.0,0.2528308279990421,0.2,4000.0,1.5,Low Vision,mle
LV005,15,Averaging,mll,120.09660506243851,245.79901219117303,0.8583855804220524,1.0,0.2308211687746085,0.2,4000.0,1.5,Low Vision,mle
LV007,raw,Averaging,mll,145.6299932601474,297.9644008752589,0.995480611087598,1.0,0.2128054240106558,0.2,4000.0,1.5,Low Vision,mle
LV007,visible,Averaging,mll,145.6299932601474,297.9644008752589,0.995480611087598,1.0,0.2128054240106558,0.2,4000.0,1.5,Low Vision,mle
LV007,5,Averaging,mll,42.40884200056984,90.42348606743566,0.9951230832646576,1.0,0.2032772186504848,0.2,4000.0,1.5,Low Vision,mle
LV007,10,Averaging,mll,43.71023482619798,93.02627171869196,0.9958707871621384,1.0,0.2127616266252421,0.2,4000.0,1.5,Low Vision,mle
LV007,15,Matching,mll,47.76434243476624,112.34609106842046,0.9801749181146848,0.7064758166188142,0.3948858708103667,0.2,0.1117908940615303,1.5,Low Vision,bci
LV008,raw,Averaging,mll,684.7579336617546,1376.2202816784732,0.413027646043394,1.0,0.1451311991833308,0.2,4000.0,1.5,Low Vision,mle
LV008,visible,Averaging,mll,20.879235537626595,46.89426951230345,0.994503732877073,1.0,0.1484688825084351,0.2,4000.0,1.5,Low Vision,mle
LV008,invisible,Averaging,mll,633.975814477444,1274.4224284586708,0.2599249051445134,1.0,0.0901703295394874,0.2,4000.0,1.5,Low Vision,mle
LV008,5,Averaging,mll,133.93183801733358,273.4694781009632,0.7960592505704362,1.0,0.1469807664325372,0.2,4000.0,1.5,Low Vision,mle
LV008,10,Averaging,mll,266.99128232211893,539.5883667105338,0.2625065788632958,1.0,0.1404319090736015,0.2,4000.0,1.5,Low Vision,mle
LV008,15,Averaging,mll,272.3049192903399,550.2156406469758,0.2499997299564709,1.0,0.0901703294754533,0.2,4000.0,1.5,Low Vision,mle
LV009,raw,Averaging,mll,337.69292835510595,682.090271065176,0.8527524979023678,1.0,0.1301668882133833,0.2,4000.0,1.5,Low Vision,mle
LV009,visible,Averaging,mll,25.08201935901642,56.364547892075535,0.9990674587782136,1.0,0.1293927540827577,0.2,4000.0,1.5,Low Vision,mle
LV009,invisible,Averaging,mll,310.50649948789334,626.7906512990094,0.2778699466093365,1.0,0.1338646301581107,0.2,4000.0,1.5,Low Vision,mle
LV009,5,Averaging,mll,111.59782460314877,228.8014512725935,0.8576739037524477,1.0,0.134009486331279,0.2,4000.0,1.5,Low Vision,mle
LV009,10,Averaging,mll,100.51017871716148,206.62615950061897,0.8798000639376238,1.0,0.1183400352649753,0.2,4000.0,1.5,Low Vision,mle
LV009,15,Averaging,mll,125.19758736727567,256.0009768008473,0.8170668114001924,1.0,0.134031752354073,0.2,4000.0,1.5,Low Vision,mle
LV011,raw,Averaging,mll,651.2823700055421,1322.6779830759765,0.4422759101388929,0.0,0.8991781945498,0.2,1.2111284997134948,2.75073590241294,Low Vision,fs
LV011,visible,Averaging,mll,105.3452641088729,228.1773650705764,0.6065236958100604,0.2747216920400896,2.94619477386972,0.2,1.6585218377588704,1.5,Low Vision,bci
LV011,invisible,Selection,mll,551.9584235587832,1122.4131006802606,0.0325399359351114,0.2358528091333459,2.998670652197316,0.2,2.9995958048474334,1.5,Low Vision,bci
LV011,5,Averaging,mll,202.62649977786248,422.0704057546129,0.4618019527436494,0.0,0.9745039979485574,0.2,1.2262564846642363,2.971919924089755,Low Vision,fs
LV011,10,Averaging,mll,211.8938355153344,440.6050772295566,0.4498228100180639,0.0,0.9511763840334116,0.2,1.2288408717425128,2.736460005273257,Low Vision,fs
LV011,15,Matching,mll,236.6905735512289,490.1985533013459,0.36334741758719,0.0712649520106362,2.925380819540567,0.2,0.372246979193136,1.5,Low Vision,bci
LV012,raw,Averaging,mll,821.9014717910198,1650.5073579370037,0.2837061700591752,1.0,0.3198992321104775,0.2,4000.0,1.5,Low Vision,mle
LV012,invisible,Averaging,mll,821.9014717910198,1650.5073579370037,0.2837061700591752,1.0,0.3198992321104775,0.2,4000.0,1.5,Low Vision,mle
LV012,5,Averaging,mll,274.8729157868277,555.3516336399514,-0.2767898848917678,1.0,0.4082109335968957,0.2,4000.0,1.5,Low Vision,mle
LV012,10,Averaging,mll,276.95819499099247,559.5221920482809,0.1776541653196132,1.0,0.2267297669622444,0.2,4000.0,1.5,Low Vision,mle
LV012,15,Averaging,mll,266.06909245287204,537.74398697204,-0.0954205414291848,1.0,0.8884752894466582,0.2,4000.0,1.5,Low Vision,mle
LV013,raw,Averaging,mll,900.0754005104511,1806.8552153758665,0.0858679360026641,1.0,0.1807387799249332,0.2,4000.0,1.5,Low Vision,mle
LV013,invisible,Averaging,mll,900.0754005104511,1806.8552153758665,0.0858679360026641,1.0,0.1807387799249332,0.2,4000.0,1.5,Low Vision,mle
LV013,5,Averaging,mll,298.5954808535569,602.7967637734098,0.0913992255095106,1.0,0.2150336806212207,0.2,4000.0,1.5,Low Vision,mle
LV013,10,Averaging,mll,301.4367218982436,608.4792458627832,0.1730440333905307,1.0,0.1412015801086595,0.2,4000.0,1.5,Low Vision,mle
LV013,15,Averaging,mll,288.360339500783,582.326481067862,0.1136993833223447,1.0,0.1862928600241041,0.2,4000.0,1.5,Low Vision,mle
LV015,raw,Averaging,mll,100.43260752344314,207.5696294018504,0.9931481495840848,1.0,0.1072665059482091,0.2,4000.0,1.5,Low Vision,mle
LV015,visible,Averaging,mll,69.25631685401005,145.17448844856543,0.9939592879238196,1.0,0.1078256643125916,0.2,4000.0,1.5,Low Vision,mle
LV015,invisible,Averaging,mll,28.83359258597389,61.19354569656393,0.3485251795912372,1.0,0.090170330082696,0.2,4000.0,1.5,Low Vision,mle
LV015,5,Averaging,mll,17.123210158208227,39.852222382712455,0.9969353662101296,1.0,0.0901703354413299,0.2,4000.0,1.5,Low Vision,mle
LV015,10,Averaging,mll,47.74501525396909,101.09583257423418,0.9845932835127188,1.0,0.0901703351485623,0.2,4000.0,1.5,Low Vision,mle
LV015,15,Averaging,mll,35.39393497611669,76.39367201852937,0.9935428736476892,1.0,0.115655710921484,0.2,4000.0,1.5,Low Vision,mle
LV016,raw,Averaging,mll,776.0856844104609,1558.8757831758858,0.3262697529854482,1.0,0.0901703301584318,0.2,4000.0,1.5,Low Vision,mle
LV016,visible,Averaging,mll,25.657452600866268,55.93987801501681,0.9374996835920346,1.0,0.0901703338732813,0.2,4000.0,1.5,Low Vision,mle
LV016,invisible,Averaging,mll,746.7270930078304,1500.0250689780005,0.229717121628417,1.0,0.090170329620254,0.2,4000.0,1.5,Low Vision,mle
LV016,5,Averaging,mll,245.0855369827534,495.7768760318028,0.4128619039197768,1.0,0.0901703308383663,0.2,4000.0,1.5,Low Vision,mle
LV016,10,Averaging,mll,245.0855369829227,495.7768760321414,0.3485251796029365,1.0,0.090170330082696,0.2,4000.0,1.5,Low Vision,mle
LV016,15,Averaging,mll,285.89193621838035,577.3896745030567,-0.3636726412640059,1.0,0.0901703292866155,0.2,4000.0,1.5,Low Vision,mle
LV017,raw,Averaging,mll,3.7357114369007807,14.175837228765667,0.9999866676767531,1.0,0.0901703354169544,0.2,4000.0,1.5,Low Vision,mle
LV017,visible,Averaging,mll,3.7357114369007807,14.175837228765667,0.9999866676767531,1.0,0.0901703354169544,0.2,4000.0,1.5,Low Vision,mle
LV017,5,Averaging,mll,3.513519004583971,12.63284007546394,0.9998814449394668,1.0,0.0901703353681914,0.2,4000.0,1.5,Low Vision,mle
LV017,10,Averaging,mll,0.1110962161566481,5.827994498609294,0.9999997300000004,1.0,0.0901703354413299,0.2,4000.0,1.5,Low Vision,mle
LV017,15,Averaging,mll,0.1110962161566481,5.827994498609294,0.9999997300000004,1.0,0.0901703354413299,0.2,4000.0,1.5,Low Vision,mle
LV018,raw,Averaging,mll,63.83408201080034,134.37257837656475,0.9992045355992306,1.0,0.2490817286977873,0.2,4000.0,1.5,Low Vision,mle
LV018,visible,Averaging,mll,63.83408201080034,134.37257837656475,0.9992045355992306,1.0,0.2490817286977873,0.2,4000.0,1.5,Low Vision,mle
LV018,5,Averaging,mll,26.56453319897423,58.734868464244464,0.9991713107408736,1.0,0.2440073845679105,0.2,4000.0,1.5,Low Vision,mle
LV018,10,Averaging,mll,18.35170104341738,42.30920415313076,0.999044544201664,1.0,0.2542029423030269,0.2,4000.0,1.5,Low Vision,mle
LV018,15,Averaging,mll,18.857010024320537,43.31982211493708,0.9989290905628964,1.0,0.2490691831752237,0.2,4000.0,1.5,Low Vision,mle
LV019,raw,Averaging,mll,107.7038117894262,222.1120379338165,0.9933800798709108,1.0,0.3270867328822628,0.2,4000.0,1.5,Low Vision,mle
LV019,visible,Averaging,mll,93.00163477149874,192.68663048876377,0.9945452208828496,1.0,0.3283757674924395,0.2,4000.0,1.5,Low Vision,mle
LV019,invisible,Averaging,mll,12.945310466911677,28.72383427787957,0.5449650965426478,1.0,0.5103320259924286,0.2,4000.0,1.5,Low Vision,mle
LV019,5,Averaging,mll,14.770497830368424,35.14679772703285,0.9951283678095766,1.0,0.3310596759223309,0.2,4000.0,1.5,Low Vision,mle
LV019,10,Averaging,mll,31.27180103186605,68.1494041300281,0.9914193263367144,1.0,0.3388779265711985,0.2,4000.0,1.5,Low Vision,mle
LV019,15,Averaging,mll,61.56699833354498,128.73979873338595,0.9739205593605124,1.0,0.3128780734486993,0.2,4000.0,1.5,Low Vision,mle
LV020,raw,Matching,mll,310.46848135486056,641.0502057746135,0.8458156089922717,0.9456075685262256,0.8504966863687321,0.2,1.160973304583056,1.5,Low Vision,bci
LV020,visible,Matching,mll,310.46848135486056,641.0502057746135,0.8458156089922717,0.9456075685262256,0.8504966863687321,0.2,1.160973304583056,1.5,Low Vision,bci
LV020,5,Averaging,mll,92.43137295883017,190.4685479839564,0.9107462869856312,1.0,0.4732005245601225,0.2,4000.0,1.5,Low Vision,mle
LV020,10,Matching,mll,148.99911141745486,314.8156290337977,0.7390603541873657,0.8720388008666965,0.7629017349924231,0.2,0.1229053313909476,1.5,Low Vision,bci
LV020,15,Averaging,mll,71.73750375875447,149.08080958380495,0.9470433057454952,1.0,0.4823349821767584,0.2,4000.0,1.5,Low Vision,mle
LV021,raw,Averaging,mll,140.8312667529748,288.36694786091374,0.9765984260282012,1.0,0.1169721754447954,0.2,4000.0,1.5,Low Vision,mle
LV021,visible,Averaging,mll,17.601778982166515,41.72565076250318,0.9996936478517756,1.0,0.1173607884425535,0.2,4000.0,1.5,Low Vision,mle
LV021,invisible,Averaging,mll,122.54276849130736,249.9981918683508,0.3485251795803702,1.0,0.090170330082696,0.2,4000.0,1.5,Low Vision,mle
LV021,5,Averaging,mll,3.513519004583971,12.63284007546394,0.9998814449394668,1.0,0.0901703353681914,0.2,4000.0,1.5,Low Vision,mle
LV021,10,Averaging,mll,27.22964762731492,60.06509732092584,0.9937949553156415,1.0,0.125488466477444,0.2,4000.0,1.5,Low Vision,mle
LV021,15,Averaging,mll,108.98862544583076,223.5830529579576,0.8536582073150243,1.0,0.0901703330831013,0.2,4000.0,1.5,Low Vision,mle
LV022,raw,Averaging,mll,432.4409827790722,871.5863799131085,0.7565039321878566,1.0,0.0901703324380268,0.2,4000.0,1.5,Low Vision,mle
LV022,visible,Averaging,mll,40.25495989865694,86.47862735729925,0.9954674312398448,1.0,0.0901703350848416,0.2,4000.0,1.5,Low Vision,mle
LV022,invisible,Averaging,mll,390.5311444870453,787.1143781430151,0.3281114838978965,1.0,0.0901703299614405,0.2,4000.0,1.5,Low Vision,mle
LV022,5,Averaging,mll,139.61043054159174,284.8266631494795,0.7990667285882951,1.0,0.0901703327857161,0.2,4000.0,1.5,Low Vision,mle
LV022,10,Averaging,mll,126.00073938796744,257.60728084223086,0.8028037205525494,1.0,0.0901703327112784,0.2,4000.0,1.5,Low Vision,mle
LV022,15,Averaging,mll,166.82981284909502,339.26542776448605,0.6577005696838798,1.0,0.090170331815163,0.2,4000.0,1.5,Low Vision,mle
LV023,raw,Matching,mll,868.0581902535345,1756.2296235719612,0.3878991606230053,0.8210849277033918,0.8882611467320409,0.2,2.9647932549736367,1.5,Low Vision,bci
LV023,visible,Averaging,mll,179.58194467476386,364.7051528946861,0.7481844153806041,1.0,0.3091609244891799,0.2,4000.0,1.5,Low Vision,mle
LV023,invisible,Matching,mll,684.3910728073772,1387.7713083313224,0.22007481830531,0.7703488473307092,2.7473640657104195,0.2,1.9979662883611744,1.5,Low Vision,bci
LV023,5,Averaging,mll,271.91793054969304,549.441663165682,0.3647522666202979,1.0,0.2870546746016881,0.2,4000.0,1.5,Low Vision,mle
LV023,10,Matching,mll,322.26007819094394,661.3375625807759,0.1675662241337696,0.6568603210474719,2.494429176099877,0.2,0.7846212819995229,1.5,Low Vision,bci
LV023,15,Averaging,mll,255.8487846991728,517.3033714646415,0.4144264137074629,1.0,0.2852426092406232,0.2,4000.0,1.5,Low Vision,mle
LV024,raw,Averaging,mll,897.5251632872153,1815.1635696393228,0.1049163926640001,0.1874588812615522,2.947845682823789,0.2,0.6827569010523522,1.5,Low Vision,bci
LV024,visible,Averaging,mll,432.3079217864428,882.649645096098,-0.0939963083976778,0.377351078379131,2.8075262929561093,0.2,1.2284129312010388,1.5,Low Vision,bci
LV024,invisible,Averaging,mll,436.9865334272201,879.9843340288443,0.1061867505640132,1.0,0.1997571581289994,0.2,4000.0,1.5,Low Vision,mle
LV024,5,Averaging,mll,300.0524136072923,616.9222334134726,0.0736290904027762,0.3194865115334901,2.8777847309404785,0.2,1.068387098981506,1.5,Low Vision,bci
LV024,10,Matching,mll,306.0131946647468,628.8437955283815,0.0713264463810144,0.468401287805513,2.9465119238797515,0.2,2.249019442583861,1.5,Low Vision,bci
LV024,15,Matching,mll,290.11592253184654,597.049251262581,0.1989841258067203,0.5760186895047594,1.4037348252583424,0.2,0.1120281782911061,1.5,Low Vision,bci
LV025,raw,Averaging,mll,525.3394166516789,1070.79207636825,0.6722933938470016,0.0,0.4282959411819299,0.2,0.7275921303171249,0.8136717341072037,Low Vision,fs
LV025,visible,Averaging,mll,53.80357455856521,125.24035646246934,0.9934334741307737,0.0,0.3923286183605727,0.2,0.7267291409437003,0.8232009543871931,Low Vision,fs
LV025,invisible,Averaging,mll,446.37063402930926,898.8703182686791,0.2710840628494869,1.0,0.0901703296106049,0.2,4000.0,1.5,Low Vision,mle
LV025,5,Averaging,mll,163.9495613909974,344.7165289808828,0.7446238358921105,0.0,0.6846329712340414,0.2,0.8508180941241402,0.8255911494973486,Low Vision,fs
LV025,10,Averaging,mll,163.38042431721806,332.3666507007321,0.6777245401534759,1.0,0.1257080080744423,0.2,4000.0,1.5,Low Vision,mle
LV025,15,Averaging,mll,188.03582966522544,381.6774613967469,0.5811586778236673,1.0,0.1284945972324738,0.2,4000.0,1.5,Low Vision,mle
SV103,raw,Averaging,mll,190.0823597996749,386.869133954314,0.9831231932982494,1.0,0.2058513358311612,0.2,4000.0,1.5,Control,mle
SV103,visible,Averaging,mll,173.47114198482268,353.6256449154116,0.9829948973417744,1.0,0.2058496141254536,0.2,4000.0,1.5,Control,mle
SV103,invisible,Averaging,mll,12.813122419529837,28.45945818311589,-0.1375478688972016,1.0,0.0746174669980293,0.2,4000.0,1.5,Control,mle
SV103,5,Averaging,mll,40.051192893870684,85.70818785403736,0.9960913083376194,1.0,0.217809952528072,0.2,4000.0,1.5,Control,mle
SV103,10,Averaging,mll,94.44971680187012,194.50523567003623,0.9300694292847368,1.0,0.2168375128153047,0.2,4000.0,1.5,Control,mle
SV103,15,Averaging,mll,53.900268177327554,113.4063384209511,0.993656584975978,1.0,0.1881333123547849,0.2,4000.0,1.5,Control,mle
SV110,raw,Averaging,mll,65.06273623061341,136.82988681619094,0.999496311739388,1.0,0.2384278110051813,0.2,4000.0,1.5,Control,mle
SV110,visible,Averaging,mll,65.06273623061341,136.82988681619094,0.999496311739388,1.0,0.2384278110051813,0.2,4000.0,1.5,Control,mle
SV110,5,Averaging,mll,19.0960715981738,43.7979452626436,0.9991743534064644,1.0,0.2491097958351358,0.2,4000.0,1.5,Control,mle
SV110,10,Averaging,mll,21.288510822346787,48.18282371098957,0.9995999524443072,1.0,0.2334701522731966,0.2,4000.0,1.5,Control,mle
SV110,15,Averaging,mll,24.48345517216472,54.57271241062544,0.9995391595621956,1.0,0.2342761148822491,0.2,4000.0,1.5,Control,mle
SV111,raw,Averaging,mll,267.1177652183765,540.9399447917172,0.952414520746942,1.0,0.3410589119072426,0.2,4000.0,1.5,Control,mle
SV111,visible,Averaging,mll,245.90227051622773,498.4879019782217,0.9517620465823876,1.0,0.329486559790386,0.2,4000.0,1.5,Control,mle
SV111,invisible,Averaging,mll,16.034487118283565,34.90218758062335,-0.1049049186456412,1.0,0.9359377862207476,0.2,4000.0,1.5,Control,mle
SV111,5,Averaging,mll,87.13217992349217,179.87016191328036,0.9459147345320648,1.0,0.3260206483022665,0.2,4000.0,1.5,Control,mle
SV111,10,Matching,mll,87.69441893783737,192.2062440745628,0.8889193854336965,0.8890343730034842,0.5637855462702057,0.2,0.1115807004235428,1.5,Control,bci
SV111,15,Averaging,mll,84.57434808270553,174.75449823170706,0.9732541502569624,1.0,0.2913702116047319,0.2,4000.0,1.5,Control,mle
SV113,raw,Averaging,mll,81.83210666413888,170.36862768324187,0.9948903061215002,1.0,0.3392086942313346,0.2,4000.0,1.5,Control,mle
SV113,visible,Averaging,mll,45.441486265979535,97.54482727250438,0.9946337713079604,1.0,0.3411475675761782,0.2,4000.0,1.5,Control,mle
SV113,invisible,Averaging,mll,34.5785955018413,72.68355152829876,0.1017067259167919,1.0,0.177968950616815,0.2,4000.0,1.5,Control,mle
SV113,5,Averaging,mll,21.294907434738302,48.19561693577261,0.9908784246034908,1.0,0.3425417551003028,0.2,4000.0,1.5,Control,mle
SV113,10,Averaging,mll,13.218023490257933,32.04184904681186,0.993772590082634,1.0,0.3393510604550419,0.2,4000.0,1.5,Control,mle
SV113,15,Averaging,mll,47.62698582775552,100.85977372180704,0.9861149699077184,1.0,0.3126984396511238,0.2,4000.0,1.5,Control,mle
SV119,raw,Averaging,mll,95.6705524554523,198.0455192658687,0.9988701837782415,1.0,0.1646298751997259,0.2,4000.0,1.5,Control,mle
SV119,visible,Averaging,mll,79.96023669632697,166.60383433842023,0.9994604570517196,1.0,0.164231254495895,0.2,4000.0,1.5,Control,mle
SV119,invisible,Averaging,mll,14.16153429460094,31.156281933258093,0.3171025641906834,1.0,0.1863042270048314,0.2,4000.0,1.5,Control,mle
SV119,5,Averaging,mll,22.87145110079172,51.34870426787944,0.999872751206576,1.0,0.1686310020728497,0.2,4000.0,1.5,Control,mle
SV119,10,Averaging,mll,16.8769796211439,39.3597613085838,0.99999966132448,1.0,0.1606422240486759,0.2,4000.0,1.5,Control,mle
SV119,15,Averaging,mll,55.71468221275361,117.0351664918032,0.9908290603196378,1.0,0.1646697818280961,0.2,4000.0,1.5,Control,mle
SV201,raw,Averaging,mll,70.2646101125493,147.23363458006273,0.9994888090198212,1.0,0.2221999327680202,0.2,4000.0,1.5,Control,mle
SV201,visible,Averaging,mll,70.2646101125493,147.23363458006273,0.9994888090198212,1.0,0.2221999327680202,0.2,4000.0,1.5,Control,mle
SV201,5,Averaging,mll,22.412679528060032,50.431161122416064,0.9997404439847364,1.0,0.222749310797426,0.2,4000.0,1.5,Control,mle
SV201,10,Averaging,mll,22.412679528060032,50.431161122416064,0.9997404439847364,1.0,0.222749310797426,0.2,4000.0,1.5,Control,mle
SV201,15,Averaging,mll,25.429795524935624,56.46539311616725,0.9994311712921414,1.0,0.2246002162641678,0.2,4000.0,1.5,Control,mle
SV202,raw,Averaging,mll,64.97932162855864,136.6630576120814,0.9973627212656516,1.0,0.090170335343804,0.2,4000.0,1.5,Control,mle
SV202,visible,Averaging,mll,64.97932162855864,136.6630576120814,0.9973627212656516,1.0,0.090170335343804,0.2,4000.0,1.5,Control,mle
SV202,5,Averaging,mll,34.1353241002598,73.8764502668156,0.9903945821979216,1.0,0.0901703354413299,0.2,4000.0,1.5,Control,mle
SV202,10,Averaging,mll,23.92805573506288,53.46191353642175,0.9963757690670332,1.0,0.0901703352950173,0.2,4000.0,1.5,Control,mle
SV202,15,Averaging,mll,6.915941793011284,19.437685652318567,0.9995222460607732,1.0,0.0901703352950173,0.2,4000.0,1.5,Control,mle
SV203,raw,Averaging,mll,17.760603596830457,42.22562154862502,0.9924296112163294,1.0,0.3542607622342471,0.2,4000.0,1.5,Control,mle
SV203,visible,Averaging,mll,17.760603596830457,42.22562154862502,0.9924296112163294,1.0,0.3542607622342471,0.2,4000.0,1.5,Control,mle
SV203,5,Averaging,mll,6.4693649599809,18.5445319862578,0.9929842217403876,1.0,0.3408028888080018,0.2,4000.0,1.5,Control,mle
SV203,10,Averaging,mll,5.9202011989393615,17.44620446417472,0.9924296112163696,1.0,0.3542607622342943,0.2,4000.0,1.5,Control,mle
SV203,15,Averaging,mll,5.369817855972181,16.34543777824036,0.9918441550000578,1.0,0.3539190512691389,0.2,4000.0,1.5,Control,mle
SV204,raw,Averaging,mll,121.53903054406244,249.782475443089,0.9785382188125448,1.0,0.3544140868238869,0.2,4000.0,1.5,Control,mle
SV204,visible,Averaging,mll,121.53903054406244,249.782475443089,0.9785382188125448,1.0,0.3544140868238869,0.2,4000.0,1.5,Control,mle
SV204,5,Averaging,mll,22.38193179802376,50.36966566234352,0.9884049179977304,1.0,0.353919051269139,0.2,4000.0,1.5,Control,mle
SV204,10,Averaging,mll,56.40615968212691,118.41812143054982,0.9610236104953992,1.0,0.3539190512691392,0.2,4000.0,1.5,Control,mle
SV204,15,Averaging,mll,42.75807540365338,91.12195287360277,0.9788197250564457,1.0,0.3544119576344823,0.2,4000.0,1.5,Control,mle
SV205,raw,Averaging,mll,71.88829003718436,150.48099442933284,0.9985375287286696,1.0,0.1499455280948581,0.2,4000.0,1.5,Control,mle
SV205,visible,Averaging,mll,71.88829003718436,150.48099442933284,0.9985375287286696,1.0,0.1499455280948581,0.2,4000.0,1.5,Control,mle
SV205,5,Averaging,mll,27.676662760933937,60.959127588163874,0.9967166896850512,1.0,0.1455725653117688,0.2,4000.0,1.5,Control,mle
SV205,10,Averaging,mll,13.307262174851562,32.220326415999125,0.9999998257210898,1.0,0.1515090769849402,0.2,4000.0,1.5,Control,mle
SV205,15,Averaging,mll,30.71524478091808,67.03629162813216,0.9966212307411876,1.0,0.1525677101198562,0.2,4000.0,1.5,Control,mle
SV206,raw,Matching,mll,376.8046574650131,773.7225579949186,0.7864246084946139,0.3165455226452206,0.6369889139038596,0.2,1.4872335871637412,1.5,Control,bci
SV206,visible,Matching,mll,376.8046574650131,773.7225579949186,0.7864246084946139,0.3165455226452206,0.6369889139038596,0.2,1.4872335871637412,1.5,Control,bci
SV206,5,Matching,mll,107.93888326439942,232.69517272768684,0.8350264785431891,0.4398080567166479,0.6554534687311057,0.2,0.2049236681307736,1.5,Control,bci
SV206,10,Matching,mll,131.54383351744394,279.90507323377585,0.6770661292176551,0.1246991399960865,0.747759595700968,0.2,1.856118950302006,1.5,Control,bci
SV206,15,Matching,mll,134.40030636750717,285.6180189339024,0.8414911597714714,0.4367373553952125,0.5309511628444843,0.2,1.8372889130067909,1.5,Control,bci
SV207,raw,Averaging,mll,24.12757096923301,54.959556293430126,0.999666175487068,1.0,0.1211331906793471,0.2,4000.0,1.5,Control,mle
SV207,visible,Averaging,mll,24.12757096923301,54.959556293430126,0.999666175487068,1.0,0.1211331906793471,0.2,4000.0,1.5,Control,mle
SV207,5,Averaging,mll,10.318364581438606,26.24253122917321,0.9989156898863364,1.0,0.0901703352218076,0.2,4000.0,1.5,Control,mle
SV207,10,Averaging,mll,6.664182024279475,18.934166114854943,0.9998799812168112,1.0,0.1250494034332126,0.2,4000.0,1.5,Control,mle
SV207,15,Averaging,mll,6.648977254387139,18.903756575070275,0.9998790314977029,1.0,0.1247417732569674,0.2,4000.0,1.5,Control,mle
SV208,raw,Averaging,mll,128.3401798773225,263.3847741096091,0.9950845609867368,1.0,0.2812858278267467,0.2,4000.0,1.5,Control,mle
SV208,visible,Averaging,mll,128.3401798773225,263.3847741096091,0.9950845609867368,1.0,0.2812858278267467,0.2,4000.0,1.5,Control,mle
SV208,5,Averaging,mll,17.79679147321372,41.19938501272344,0.9982078954563371,1.0,0.28128216100264,0.2,4000.0,1.5,Control,mle
SV208,10,Averaging,mll,67.32666875061076,140.25913956751754,0.9796478079029608,1.0,0.2904714829263685,0.2,4000.0,1.5,Control,mle
SV208,15,Averaging,mll,42.200382834578384,90.00656773545276,0.995439177802246,1.0,0.2542085912661962,0.2,4000.0,1.5,Control,mle
SV209,raw,Averaging,mll,75.19162725076882,157.08766885650175,0.9934412768547978,1.0,0.3260559157441124,0.2,4000.0,1.5,Control,mle
SV209,visible,Averaging,mll,75.19162725076882,157.08766885650175,0.9934412768547978,1.0,0.3260559157441124,0.2,4000.0,1.5,Control,mle
SV209,5,Averaging,mll,27.48854807074117,60.58289820777835,0.9942502362661766,1.0,0.311157417077556,0.2,4000.0,1.5,Control,mle
SV209,10,Averaging,mll,22.04824001890667,49.702282104109344,0.9926534471918762,1.0,0.3294797752902254,0.2,4000.0,1.5,Control,mle
SV209,15,Averaging,mll,25.536539370260435,56.67888080681687,0.9931632147267494,1.0,0.3297481126619653,0.2,4000.0,1.5,Control,mle
SV210,raw,Averaging,mll,33.665889535695136,74.03619342635437,0.9915966317311684,1.0,0.3542609545377592,0.2,4000.0,1.5,Control,mle
SV210,visible,Averaging,mll,33.665889535695136,74.03619342635437,0.9915966317311684,1.0,0.3542609545377592,0.2,4000.0,1.5,Control,mle
SV210,5,Averaging,mll,22.38193179802376,50.36966566234352,0.9884049179977304,1.0,0.353919051269139,0.2,4000.0,1.5,Control,mle
SV210,10,Averaging,mll,5.369817855972181,16.34543777824036,0.9918441550000578,1.0,0.3539190512691389,0.2,4000.0,1.5,Control,mle
SV210,15,Averaging,mll,5.924060475292388,17.453923016880772,0.9924305702763634,1.0,0.3543940815811748,0.2,4000.0,1.5,Control,mle
SV211,raw,Averaging,mll,75.65609912941726,158.01661261379863,0.9999451890095828,1.0,0.184809610038911,0.2,4000.0,1.5,Control,mle
SV211,visible,Averaging,mll,75.65609912941726,158.01661261379863,0.9999451890095828,1.0,0.184809610038911,0.2,4000.0,1.5,Control,mle
SV211,5,Averaging,mll,25.95431941695783,57.51444090021166,0.9998800399162314,1.0,0.1824239974712044,0.2,4000.0,1.5,Control,mle
SV211,10,Averaging,mll,22.55300433796729,50.71181074223059,0.9999937917963192,1.0,0.1824124966682086,0.2,4000.0,1.5,Control,mle
SV211,15,Averaging,mll,26.917140047592085,59.44008216148017,0.9998840166682722,1.0,0.1907685111308568,0.2,4000.0,1.5,Control,mle
SV212,raw,Averaging,mll,21.150124344217275,49.00466304339866,0.9999998036166678,1.0,0.1368608154356003,0.2,4000.0,1.5,Control,mle
SV212,visible,Averaging,mll,21.150124344217275,49.00466304339866,0.9999998036166678,1.0,0.1368608154356003,0.2,4000.0,1.5,Control,mle
SV212,5,Averaging,mll,5.51989945101566,16.64560096832732,0.9999999229132372,1.0,0.1324942617054911,0.2,4000.0,1.5,Control,mle
SV212,10,Averaging,mll,9.139828751992972,23.88545957028194,0.999999920883468,1.0,0.1419866880606618,0.2,4000.0,1.5,Control,mle
SV212,15,Averaging,mll,6.220851417862526,18.04750490202105,0.999999980124372,1.0,0.1344332708226018,0.2,4000.0,1.5,Control,mle
SV213,raw,Averaging,mll,78.23354260961983,163.17149957420378,0.9962311713026644,1.0,0.2958112403706466,0.2,4000.0,1.5,Control,mle
SV213,visible,Averaging,mll,78.23354260961983,163.17149957420378,0.9962311713026644,1.0,0.2958112403706466,0.2,4000.0,1.5,Control,mle
SV213,5,Averaging,mll,49.91266134114693,105.43112474858984,0.9837845122328094,1.0,0.2958733369593371,0.2,4000.0,1.5,Control,mle
SV213,10,Averaging,mll,12.87363943108809,31.353080928472178,0.9977228873995122,1.0,0.2939419948374743,0.2,4000.0,1.5,Control,mle
SV213,15,Averaging,mll,15.441391256115304,36.488584578526606,0.9975104456567744,1.0,0.2962062861703939,0.2,4000.0,1.5,Control,mle
SV214,raw,Averaging,mll,22.007145293122484,50.71870494120908,0.9999867385829276,1.0,0.1343995892261669,0.2,4000.0,1.5,Control,mle
SV214,visible,Averaging,mll,22.007145293122484,50.71870494120908,0.9999867385829276,1.0,0.1343995892261669,0.2,4000.0,1.5,Control,mle
SV214,5,Averaging,mll,9.59444138177203,24.79468482984005,0.9998784880139124,1.0,0.134274974370547,0.2,4000.0,1.5,Control,mle
SV214,10,Averaging,mll,5.51989945101567,16.645600968327336,0.9999999229132372,1.0,0.1324753675470601,0.2,4000.0,1.5,Control,mle
SV214,15,Averaging,mll,6.863904273687192,19.33361061367038,0.9999991916769227,1.0,0.1361961319320137,0.2,4000.0,1.5,Control,mle
SV215,raw,Averaging,mll,180.67649102791805,368.0573964108002,0.9880187418217484,1.0,0.2564506753390262,0.2,4000.0,1.5,Control,mle
SV215,visible,Averaging,mll,161.26934210401788,329.222045153802,0.9913002071405036,1.0,0.2558018668798265,0.2,4000.0,1.5,Control,mle
SV215,invisible,Averaging,mll,16.034487118284584,34.90218758062539,-0.1049049186129367,1.0,0.9359377862208316,0.2,4000.0,1.5,Control,mle
SV215,5,Averaging,mll,73.3702196780733,152.3462414224426,0.979077033562679,1.0,0.2489064657706969,0.2,4000.0,1.5,Control,mle
SV215,10,Averaging,mll,56.21118279529543,118.02816765688684,0.9918371582528436,1.0,0.2528372307453997,0.2,4000.0,1.5,Control,mle
SV215,15,Averaging,mll,50.82690520991167,107.25961248611934,0.987548751318696,1.0,0.2636378901603693,0.2,4000.0,1.5,Control,mle
SV216,raw,Averaging,mll,78.29107554780845,163.286565450581,0.9999065383373158,1.0,0.1986950315100026,0.2,4000.0,1.5,Control,mle
SV216,visible,Averaging,mll,78.29107554780845,163.286565450581,0.9999065383373158,1.0,0.1986950315100026,0.2,4000.0,1.5,Control,mle
SV216,5,Averaging,mll,23.79277326221235,53.1913485907207,0.9999795120333614,1.0,0.1969857671448823,0.2,4000.0,1.5,Control,mle
SV216,10,Averaging,mll,27.182497426213786,59.97079691872357,0.9998863759106312,1.0,0.2043927807785435,0.2,4000.0,1.5,Control,mle
SV216,15,Averaging,mll,27.19258609376868,59.990974253833365,0.9998882482736006,1.0,0.1969397018040479,0.2,4000.0,1.5,Control,mle
