subject_id,group,location,strategy,fit_type,true_pcommon,recovered_pcommon,true_sigma_v,recovered_sigma_v,sigma_a,true_sigma_p,recovered_sigma_p,mu_p,recovery_error,recovery_bic,recovery_r2,recovered_strategy
LV001,Low Vision,visible,Averaging,mll,0.9477094478728416,0.938997341798449,0.2617045322840552,0.2620035230783712,0.2,1.5,1.5,1.5,497.86636614725796,1012.3208315747199,0.9999969426747299,Averaging
LV002,Low Vision,visible,Selection,mll,0.9888691731854008,0.9829671204735173,0.4480537607799024,0.45781585633785304,0.2,1.5,1.5,1.5,497.61568797332774,1011.8194752268595,0.999990708792186,Selection
LV003,Low Vision,visible,Selection,mll,0.9999995678326016,0.9996607291238047,0.3610922709230577,0.361375095171162,0.2,1.5,1.5,1.5,431.6056009087787,879.7993010977614,0.9999981386982095,Selection
LV005,Low Vision,visible,Averaging,mll,0.9970763939350265,0.9961955339822745,0.32864069541433,0.3273295872294622,0.2,1.5,1.5,1.5,572.6895587189754,1161.9672167181548,0.9999719202379448,Averaging
LV007,Low Vision,visible,Matching,mll,0.8938008440280522,0.9041756197038884,0.3891868975394088,0.3910596597379993,0.2,1.5,1.5,1.5,631.2330038889291,1279.0541070580623,0.9999971388557556,Matching
LV008,Low Vision,visible,Averaging,mll,0.7081146861212565,0.7111869356348968,0.2494375802105521,0.2607255039449236,0.2,1.5,1.5,1.5,358.5577342192956,733.7035677187952,0.9999896197323026,Averaging
LV009,Low Vision,visible,Matching,mll,0.0805238303706938,0.09067135755975295,0.2024568332578607,0.21111073977680073,0.2,1.5,1.5,1.5,159.36983018273978,335.3277596456836,0.9999901893330967,Matching
LV011,Low Vision,visible,Averaging,mll,0.2350830763233953,0.2341848075669674,2.937084785096646,2.527163977089746,0.2,1.5,1.5,1.5,1071.7863579348991,2160.1608151500022,0.9999278463421428,Averaging
LV015,Low Vision,visible,Averaging,mll,0.0667599525003403,0.02625730424661295,0.1613726062709295,0.17158963881130193,0.2,1.5,1.5,1.5,70.24565761683252,157.0794145138691,0.9999963702478287,Averaging
LV016,Low Vision,visible,Averaging,mll,0.3866643997355832,0.19516219033451407,0.1237812451091654,0.12954090994088474,0.2,1.5,1.5,1.5,52.97855433324811,122.54520794670029,0.9999988976392618,Averaging
LV017,Low Vision,visible,Selection,mll,0.3100805789656172,0.21463858243935943,0.123180595313955,0.12675966916693748,0.2,1.5,1.5,1.5,59.45328399461009,135.49466726942424,0.9999836561962886,Selection
LV018,Low Vision,visible,Averaging,mll,0.9969029962007124,0.9961538759290698,0.33249484428687,0.32994266275104045,0.2,1.5,1.5,1.5,576.9113489821007,1170.4107972444053,0.9999490080381455,Averaging
LV019,Low Vision,visible,Averaging,mll,0.9999993132819271,0.9999551756102238,0.3872376441417463,0.3871470244296703,0.2,1.5,1.5,1.5,414.5479073372092,845.6839139546224,0.9999957141141856,Averaging
LV020,Low Vision,visible,Matching,mll,0.8990961501749476,0.9000440846976271,0.7350935087458157,0.7388887235584817,0.2,1.5,1.5,1.5,653.0469651208989,1322.6820295220018,0.9999916170645762,Matching
LV021,Low Vision,visible,Averaging,mll,0.1344090932546187,0.057316696620812936,0.1789444974363883,0.18765252360459708,0.2,1.5,1.5,1.5,87.11464563133771,190.81739054287948,0.9999964719595945,Averaging
LV022,Low Vision,visible,Selection,mll,0.462100856550095,0.16893824247546646,0.1193204610924505,0.11910077950014396,0.2,1.5,1.5,1.5,61.94590809355293,140.47991546730992,0.9999820287426731,Selection
LV023,Low Vision,visible,Matching,mll,0.9676794223943558,0.9596532411769401,0.4935972100201218,0.5149816782717636,0.2,1.5,1.5,1.5,576.5347764945677,1169.6576522693395,0.999990800394277,Matching
LV024,Low Vision,visible,Matching,mll,0.56425957396058,0.575883249755318,0.8268216111464336,0.8582359151208176,0.2,1.5,1.5,1.5,883.3132914420078,1783.2146821642195,0.9999923945636026,Matching
LV025,Low Vision,visible,Selection,mll,0.3788177135678369,0.38126509510222206,0.2886762142628717,0.287549903895798,0.2,1.5,1.5,1.5,343.8751289110863,704.3383571023766,0.9999963271165937,Selection
SV103,Sighted Control,visible,Averaging,mll,0.949218825626362,0.9271266442944665,0.3310052682885436,0.34107797588585737,0.2,1.5,1.5,1.5,568.1251165087886,1152.838332297781,0.9999930100542251,Averaging
SV110,Sighted Control,visible,Averaging,mll,0.9937702535244424,0.9912539498053137,0.3402978027233928,0.3427378130810217,0.2,1.5,1.5,1.5,581.3090844646764,1179.2062682095568,0.9999712751974692,Averaging
SV111,Sighted Control,visible,Matching,mll,0.99301588342355,0.98607453111007,0.5154056746348643,0.5355175906462868,0.2,1.5,1.5,1.5,503.008100371464,1022.604300023132,0.9999779757313176,Matching
SV113,Sighted Control,visible,Matching,mll,0.9999259453134154,0.9998016138939894,0.3891302692573387,0.38316000956773355,0.2,1.5,1.5,1.5,423.3551455699013,863.2983904200066,0.9999956383915116,Matching
SV119,Sighted Control,visible,Averaging,mll,0.8858834540178241,0.870307561739938,0.2744063768148245,0.27732283510935346,0.2,1.5,1.5,1.5,459.1895181130785,934.967135506361,0.9999977450497186,Averaging
SV201,Sighted Control,visible,Averaging,mll,0.987152506000774,0.9842797266040239,0.3237664851942863,0.3224980823786766,0.2,1.5,1.5,1.5,596.8180883705357,1210.2242760212755,0.999957478776733,Averaging
SV202,Sighted Control,visible,Matching,mll,0.0050582412727882,0.02526241170311408,0.1169425203856759,0.12636344450092726,0.2,1.5,1.5,1.5,64.64868533034587,145.8854699408958,0.9999719992236706,Matching
SV203,Sighted Control,visible,Selection,mll,0.9999973577388968,0.9996531195103738,0.4173731356695527,0.4244286813966352,0.2,1.5,1.5,1.5,385.4652647486913,787.5186287775866,0.9999850104231356,Selection
SV204,Sighted Control,visible,Selection,mll,0.9999974999348372,0.9996442101361848,0.4166179391503927,0.4244556897358782,0.2,1.5,1.5,1.5,384.4659427293649,785.5199847389338,0.9999822291529502,Selection
SV205,Sighted Control,visible,Averaging,mll,0.770352171747465,0.7643313593852967,0.2376642004875302,0.24795049884262735,0.2,1.5,1.5,1.5,335.48552814175196,687.5591555637079,0.9999876257141055,Averaging
SV206,Sighted Control,visible,Averaging,mll,0.2513806008644348,0.22214771789397972,0.8636434271024037,0.8789739045307019,0.2,1.5,1.5,1.5,947.9322205357421,1912.4525403516882,0.9999645282573109,Averaging
SV207,Sighted Control,visible,Averaging,mll,0.229384928426022,0.1918661120495832,0.1810494713304317,0.19438379588600935,0.2,1.5,1.5,1.5,109.30092093830905,235.18994115682216,0.9999946692130066,Averaging
SV208,Sighted Control,visible,Matching,mll,0.9932030573606346,0.9929709042458407,0.3843005958532,0.3769151516949745,0.2,1.5,1.5,1.5,527.6376016541803,1071.8633025885647,0.9999954310287849,Matching
SV209,Sighted Control,visible,Averaging,mll,0.9999331801099968,0.9998240929358209,0.3961419192147849,0.39253638148187014,0.2,1.5,1.5,1.5,423.2019812418953,862.9920617639946,0.9999974290349019,Averaging
SV210,Sighted Control,visible,Matching,mll,0.9999990567705676,0.9999148976111762,0.389211952392708,0.3848910324004006,0.2,1.5,1.5,1.5,413.1763613490505,842.940821978305,0.9999964968224565,Matching
SV211,Sighted Control,visible,Averaging,mll,0.9419491936572558,0.9397950333223968,0.3070465035387512,0.3062763936430178,0.2,1.5,1.5,1.5,567.0834707123943,1150.7550407049926,0.9999662795086636,Averaging
SV212,Sighted Control,visible,Averaging,mll,0.5793241874606788,0.5811542546550197,0.217549928547206,0.2256826428787838,0.2,1.5,1.5,1.5,218.6080310730551,453.80416142631424,0.9999976404832436,Averaging
SV213,Sighted Control,visible,Averaging,mll,0.999930755274312,0.999835194842378,0.3528926955785146,0.3510223987820718,0.2,1.5,1.5,1.5,471.78956857217054,960.1672364245451,0.9999656510381668,Averaging
SV214,Sighted Control,visible,Averaging,mll,0.4506343201571901,0.4131151491181158,0.211447326096591,0.21847381762063672,0.2,1.5,1.5,1.5,174.92645382477298,366.44100692975,0.999994152001005,Averaging
SV215,Sighted Control,visible,Averaging,mll,0.996712829469814,0.9958020970387808,0.3497819995557505,0.35246084738225575,0.2,1.5,1.5,1.5,549.1641526375145,1114.916404555233,0.9999840390974701,Averaging
SV216,Sighted Control,visible,Averaging,mll,0.9801774122449745,0.9741028585559967,0.3096574490005507,0.31327605245665635,0.2,1.5,1.5,1.5,589.9393498312317,1196.4667989426673,0.9999397766925673,Averaging
